-- MySQL dump 10.13  Distrib 8.0.36, for Win64 (x86_64)
--
-- Host: localhost    Database: audit_db
-- ------------------------------------------------------
-- Server version	8.0.36

/*!40101 SET @OLD_CHARACTER_SET_CLIENT=@@CHARACTER_SET_CLIENT */;
/*!40101 SET @OLD_CHARACTER_SET_RESULTS=@@CHARACTER_SET_RESULTS */;
/*!40101 SET @OLD_COLLATION_CONNECTION=@@COLLATION_CONNECTION */;
/*!50503 SET NAMES utf8mb4 */;
/*!40103 SET @OLD_TIME_ZONE=@@TIME_ZONE */;
/*!40103 SET TIME_ZONE='+00:00' */;
/*!40014 SET @OLD_UNIQUE_CHECKS=@@UNIQUE_CHECKS, UNIQUE_CHECKS=0 */;
/*!40014 SET @OLD_FOREIGN_KEY_CHECKS=@@FOREIGN_KEY_CHECKS, FOREIGN_KEY_CHECKS=0 */;
/*!40101 SET @OLD_SQL_MODE=@@SQL_MODE, SQL_MODE='NO_AUTO_VALUE_ON_ZERO' */;
/*!40111 SET @OLD_SQL_NOTES=@@SQL_NOTES, SQL_NOTES=0 */;

--
-- Table structure for table `achieved_auctions`
--

DROP TABLE IF EXISTS `achieved_auctions`;
/*!40101 SET @saved_cs_client     = @@character_set_client */;
/*!50503 SET character_set_client = utf8mb4 */;
CREATE TABLE `achieved_auctions` (
  `id` int NOT NULL AUTO_INCREMENT,
  `auction_id` int DEFAULT NULL,
  `title` varchar(255) DEFAULT NULL,
  `description` varchar(1000) DEFAULT NULL,
  `price` int DEFAULT NULL,
  `end_price` int DEFAULT NULL,
  `auction_start` datetime DEFAULT NULL,
  `auction_end` datetime DEFAULT NULL,
  `min_step` int DEFAULT NULL,
  `bids` int DEFAULT NULL,
  PRIMARY KEY (`id`)
) ENGINE=InnoDB AUTO_INCREMENT=259 DEFAULT CHARSET=utf8mb4 COLLATE=utf8mb4_0900_ai_ci;
/*!40101 SET character_set_client = @saved_cs_client */;

--
-- Dumping data for table `achieved_auctions`
--

LOCK TABLES `achieved_auctions` WRITE;
/*!40000 ALTER TABLE `achieved_auctions` DISABLE KEYS */;
INSERT INTO `achieved_auctions` VALUES (1,7,'Ավտոմեքենա KIA OPTIMA 2.5L','Տեխնիկական անձնագրի համարը՝ PB035655, նույնացման համարը՝ KNAFU4A22A5145516, շարժիչի հզորությունը՝ 156 Ձ.ՈՒ. / 115 ԿՎՏ։ Ավտոմեքենան գտնվում է վթարված վիճակում։ Զննման ընթացքում պարզվել է, որ վթարի հետևանքով վնասվել է ավտոմեքենայի առաջնամասը։ Ավերականգնելի վնասված և դոֆորմացված են՝ շարժիչի ծածկոցը, առջևի կայանարարը, աջ անվաթևի կեղտապաշտպանիչը, առջևի աջ և ետևի ձախ կողմի անվաթևերը, ետևի թափարգելը, ջերմափոխանակիչը, օդափոխիչը։ Առջևի լուսատու լապտերը, հակամառախուղային լապտերը, ճաղավանդակը կոտրված են։ Շարժիչը տեղաշարժված է, դիմահար ապակին՝ կոտրված։ Բանալին բացակայում է։',1250000,1263000,'2024-02-27 00:44:53','2024-03-25 00:00:00',12000,NULL),(2,8,'Ավտոմեքենա MERCEDES E250 2.5L','Տեխնիկական անձնագրի համարը՝ PB035655, նույնացման համարը՝ KNAFU4A22A5145516, շարժիչի հզորությունը՝ 156 Ձ.ՈՒ. / 115 ԿՎՏ։ Ավտոմեքենան գտնվում է վթարված վիճակում։ Զննման ընթացքում պարզվել է, որ վթարի հետևանքով վնասվել է ավտոմեքենայի առաջնամասը։ Ավերականգնելի վնասված և դոֆորմացված են՝ շարժիչի ծածկոցը, առջևի կայանարարը, աջ անվաթևի կեղտապաշտպանիչը, առջևի աջ և ետևի ձախ կողմի անվաթևերը, ետևի թափարգելը, ջերմափոխանակիչը, օդափոխիչը։ Առջևի լուսատու լապտերը, հակամառախուղային լապտերը, ճաղավանդակը կոտրված են։ Շարժիչը տեղաշարժված է, դիմահար ապակին՝ կոտրված։ Բանալին բացակայում է։',2550000,2870000,'2024-02-27 00:45:41','2024-03-25 00:00:00',18000,NULL),(3,9,'Ավտոմեքենա MERCEDES G500 5.0L','Տեխնիկական անձնագրի համարը՝ PB035655, նույնացման համարը՝ KNAFU4A22A5145516, շարժիչի հզորությունը՝ 156 Ձ.ՈՒ. / 115 ԿՎՏ։ Ավտոմեքենան գտնվում է վթարված վիճակում։ Զննման ընթացքում պարզվել է, որ վթարի հետևանքով վնասվել է ավտոմեքենայի առաջնամասը։ Ավերականգնելի վնասված և դոֆորմացված են՝ շարժիչի ծածկոցը, առջևի կայանարարը, աջ անվաթևի կեղտապաշտպանիչը, առջևի աջ և ետևի ձախ կողմի անվաթևերը, ետևի թափարգելը, ջերմափոխանակիչը, օդափոխիչը։ Առջևի լուսատու լապտերը, հակամառախուղային լապտերը, ճաղավանդակը կոտրված են։ Շարժիչը տեղաշարժված է, դիմահար ապակին՝ կոտրված։ Բանալին բացակայում է։',18000000,18053000,'2024-02-27 00:46:13','2024-03-25 00:00:00',25000,NULL),(4,10,'Ավտոմեքենա OPEL Astra G  1.6L','Տեխնիկական անձնագրի համարը՝ PB035655, նույնացման համարը՝ KNAFU4A22A5145516, շարժիչի հզորությունը՝ 156 Ձ.ՈՒ. / 115 ԿՎՏ։ Ավտոմեքենան գտնվում է վթարված վիճակում։ Զննման ընթացքում պարզվել է, որ վթարի հետևանքով վնասվել է ավտոմեքենայի առաջնամասը։ Ավերականգնելի վնասված և դոֆորմացված են՝ շարժիչի ծածկոցը, առջևի կայանարարը, աջ անվաթևի կեղտապաշտպանիչը, առջևի աջ և ետևի ձախ կողմի անվաթևերը, ետևի թափարգելը, ջերմափոխանակիչը, օդափոխիչը։ Առջևի լուսատու լապտերը, հակամառախուղային լապտերը, ճաղավանդակը կոտրված են։ Շարժիչը տեղաշարժված է, դիմահար ապակին՝ կոտրված։ Բանալին բացակայում է։',850000,865000,'2024-02-27 00:46:46','2024-03-25 00:00:00',5000,NULL),(5,11,'Ավտոմեքենա 3 SERIES  3.0L','Տեխնիկական անձնագրի համարը՝ PB035655, նույնացման համարը՝ KNAFU4A22A5145516, շարժիչի հզորությունը՝ 156 Ձ.ՈՒ. / 115 ԿՎՏ։ Ավտոմեքենան գտնվում է վթարված վիճակում։ Զննման ընթացքում պարզվել է, որ վթարի հետևանքով վնասվել է ավտոմեքենայի առաջնամասը։ Ավերականգնելի վնասված և դոֆորմացված են՝ շարժիչի ծածկոցը, առջևի կայանարարը, աջ անվաթևի կեղտապաշտպանիչը, առջևի աջ և ետևի ձախ կողմի անվաթևերը, ետևի թափարգելը, ջերմափոխանակիչը, օդափոխիչը։ Առջևի լուսատու լապտերը, հակամառախուղային լապտերը, ճաղավանդակը կոտրված են։ Շարժիչը տեղաշարժված է, դիմահար ապակին՝ կոտրված։ Բանալին բացակայում է։',2850000,2920000,'2024-02-27 00:47:11','2024-03-25 00:00:00',15000,NULL),(6,12,'ԱՎՏՈՄԵՔԵՆԱ NISSAN ALTIMA 1.8','Տեխնիկական անձնագրի համարը՝ SB072377, նույնացման համարը՝ 1N4AL21D38C249577, շարժիչի հզորությունը՝ 188 Ձ.ՈՒ. / 138 ԿՎՏ։ Տրանսպորտային միջոցը տեղազնվել է ակնադիտական եղանակով: Տեղազննության օրվա դրությամբ շարժիչը չի գործադրվել մարտկոցի անսարքության պատճառով։ Թափքի վրա առկա են խազված, քերծված, ներկածածկույթը թափված տեղեր։ Հակամառախուղային լապտերը բացակայում են։ Անվադողերը նորմալ վիճակ, սրահը՝ բավարար։',1212965,NULL,'2024-03-14 08:00:00','2024-03-29 09:15:00',5800,NULL),(7,13,'ԱՎՏՈՄԵՔԵՆԱ MITSUBISHI LANCER 1.6 C','Տեխնիկական անձնագրի համարը՝ KB858811, նույնացման համարը՝ JMBSNCB4ARU506509, շարժիչի հզորությունը՝ 112 Ձ.ՈՒ. / 82 ԿՎՏ։ Ավտոմեքենան գտնվում է վթարված վիճակում: Տրանսպորտային միջոցը տեղազնվել է ակնադիտական եղանակով: Տեղազննության օրվա դրությամբ շարժիչը չի գործադրվել մարտկոցի անսարքության պատճառով։ Թափքի վրա առկա են խազված, քերծված, ներկածածկույթը թափված տեղեր։ Հակամառախուղային լապտերը բացակայում են։ Անվադողերը նորմալ վիճակ, սրահը՝ բավարար։',1000965,NULL,'2024-03-14 08:00:00','2024-03-24 19:15:00',7500,NULL),(8,14,'ԱՎՏՈՄԵՔԵՆԱ SKODA FABIA 1.2','Տեխնիկական անձնագրի համարը՝ KB858811, նույնացման համարը՝ JMBSNCB4ARU506509, շարժիչի հզորությունը՝ 112 Ձ.ՈՒ. / 82 ԿՎՏ։ Ավտոմեքենան գտնվում է վթարված վիճակում: Տրանսպորտային միջոցը տեղազնվել է ակնադիտական եղանակով: Տեղազննության օրվա դրությամբ շարժիչը չի գործադրվել մարտկոցի անսարքության պատճառով։ Թափքի վրա առկա են խազված, քերծված, ներկածածկույթը թափված տեղեր։ Հակամառախուղային լապտերը բացակայում են։ Անվադողերը նորմալ վիճակ, սրահը՝ բավարար։',1500000,NULL,'2024-03-14 08:00:00','2024-03-24 19:15:00',8000,NULL),(9,15,'ԱՎՏՈՄԵՔԵՆԱ FORD COURIER 1.8 D','Տեխնիկական անձնագրի համարը՝ KB858811, նույնացման համարը՝ JMBSNCB4ARU506509, շարժիչի հզորությունը՝ 112 Ձ.ՈՒ. / 82 ԿՎՏ։ Ավտոմեքենան գտնվում է վթարված վիճակում: Տրանսպորտային միջոցը տեղազնվել է ակնադիտական եղանակով: Տեղազննության օրվա դրությամբ շարժիչը չի գործադրվել մարտկոցի անսարքության պատճառով։ Թափքի վրա առկա են խազված, քերծված, ներկածածկույթը թափված տեղեր։ Հակամառախուղային լապտերը բացակայում են։ Անվադողերը նորմալ վիճակ, սրահը՝ բավարար։',1250000,NULL,'2024-03-14 08:00:00','2024-03-24 19:15:00',8000,NULL),(10,16,'ԱՎՏՈՄԵՔԵՆԱ VAZ 21074-120-21.','Տեխնիկական անձնագրի համարը՝ KB858811, նույնացման համարը՝ JMBSNCB4ARU506509, շարժիչի հզորությունը՝ 112 Ձ.ՈՒ. / 82 ԿՎՏ։ Ավտոմեքենան գտնվում է վթարված վիճակում: Տրանսպորտային միջոցը տեղազնվել է ակնադիտական եղանակով: Տեղազննության օրվա դրությամբ շարժիչը չի գործադրվել մարտկոցի անսարքության պատճառով։ Թափքի վրա առկա են խազված, քերծված, ներկածածկույթը թափված տեղեր։ Հակամառախուղային լապտերը բացակայում են։ Անվադողերը նորմալ վիճակ, սրահը՝ բավարար։',450000,NULL,'2024-03-14 08:00:00','2024-03-24 19:15:00',2000,NULL),(11,17,'ԱՎՏՈՄԵՔԵՆԱ VAZ 21214.','Տեխնիկական անձնագրի համարը՝ KB858811, նույնացման համարը՝ JMBSNCB4ARU506509, շարժիչի հզորությունը՝ 112 Ձ.ՈՒ. / 82 ԿՎՏ։ Ավտոմեքենան գտնվում է վթարված վիճակում: Տրանսպորտային միջոցը տեղազնվել է ակնադիտական եղանակով: Տեղազննության օրվա դրությամբ շարժիչը չի գործադրվել մարտկոցի անսարքության պատճառով։ Թափքի վրա առկա են խազված, քերծված, ներկածածկույթը թափված տեղեր։ Հակամառախուղային լապտերը բացակայում են։ Անվադողերը նորմալ վիճակ, սրահը՝ բավարար։',450000,455000,'2024-03-14 08:00:00','2024-03-24 19:15:00',2000,NULL),(12,7,'Ավտոմեքենա KIA OPTIMA 2.5L','Տեխնիկական անձնագրի համարը՝ PB035655, նույնացման համարը՝ KNAFU4A22A5145516, շարժիչի հզորությունը՝ 156 Ձ.ՈՒ. / 115 ԿՎՏ։ Ավտոմեքենան գտնվում է վթարված վիճակում։ Զննման ընթացքում պարզվել է, որ վթարի հետևանքով վնասվել է ավտոմեքենայի առաջնամասը։ Ավերականգնելի վնասված և դոֆորմացված են՝ շարժիչի ծածկոցը, առջևի կայանարարը, աջ անվաթևի կեղտապաշտպանիչը, առջևի աջ և ետևի ձախ կողմի անվաթևերը, ետևի թափարգելը, ջերմափոխանակիչը, օդափոխիչը։ Առջևի լուսատու լապտերը, հակամառախուղային լապտերը, ճաղավանդակը կոտրված են։ Շարժիչը տեղաշարժված է, դիմահար ապակին՝ կոտրված։ Բանալին բացակայում է։',1250000,1263000,'2024-02-27 00:44:53','2024-03-25 00:00:00',12000,NULL),(13,8,'Ավտոմեքենա MERCEDES E250 2.5L','Տեխնիկական անձնագրի համարը՝ PB035655, նույնացման համարը՝ KNAFU4A22A5145516, շարժիչի հզորությունը՝ 156 Ձ.ՈՒ. / 115 ԿՎՏ։ Ավտոմեքենան գտնվում է վթարված վիճակում։ Զննման ընթացքում պարզվել է, որ վթարի հետևանքով վնասվել է ավտոմեքենայի առաջնամասը։ Ավերականգնելի վնասված և դոֆորմացված են՝ շարժիչի ծածկոցը, առջևի կայանարարը, աջ անվաթևի կեղտապաշտպանիչը, առջևի աջ և ետևի ձախ կողմի անվաթևերը, ետևի թափարգելը, ջերմափոխանակիչը, օդափոխիչը։ Առջևի լուսատու լապտերը, հակամառախուղային լապտերը, ճաղավանդակը կոտրված են։ Շարժիչը տեղաշարժված է, դիմահար ապակին՝ կոտրված։ Բանալին բացակայում է։',2550000,2870000,'2024-02-27 00:45:41','2024-03-25 00:00:00',18000,NULL),(14,9,'Ավտոմեքենա MERCEDES G500 5.0L','Տեխնիկական անձնագրի համարը՝ PB035655, նույնացման համարը՝ KNAFU4A22A5145516, շարժիչի հզորությունը՝ 156 Ձ.ՈՒ. / 115 ԿՎՏ։ Ավտոմեքենան գտնվում է վթարված վիճակում։ Զննման ընթացքում պարզվել է, որ վթարի հետևանքով վնասվել է ավտոմեքենայի առաջնամասը։ Ավերականգնելի վնասված և դոֆորմացված են՝ շարժիչի ծածկոցը, առջևի կայանարարը, աջ անվաթևի կեղտապաշտպանիչը, առջևի աջ և ետևի ձախ կողմի անվաթևերը, ետևի թափարգելը, ջերմափոխանակիչը, օդափոխիչը։ Առջևի լուսատու լապտերը, հակամառախուղային լապտերը, ճաղավանդակը կոտրված են։ Շարժիչը տեղաշարժված է, դիմահար ապակին՝ կոտրված։ Բանալին բացակայում է։',18000000,18053000,'2024-02-27 00:46:13','2024-03-25 00:00:00',25000,NULL),(15,10,'Ավտոմեքենա OPEL Astra G  1.6L','Տեխնիկական անձնագրի համարը՝ PB035655, նույնացման համարը՝ KNAFU4A22A5145516, շարժիչի հզորությունը՝ 156 Ձ.ՈՒ. / 115 ԿՎՏ։ Ավտոմեքենան գտնվում է վթարված վիճակում։ Զննման ընթացքում պարզվել է, որ վթարի հետևանքով վնասվել է ավտոմեքենայի առաջնամասը։ Ավերականգնելի վնասված և դոֆորմացված են՝ շարժիչի ծածկոցը, առջևի կայանարարը, աջ անվաթևի կեղտապաշտպանիչը, առջևի աջ և ետևի ձախ կողմի անվաթևերը, ետևի թափարգելը, ջերմափոխանակիչը, օդափոխիչը։ Առջևի լուսատու լապտերը, հակամառախուղային լապտերը, ճաղավանդակը կոտրված են։ Շարժիչը տեղաշարժված է, դիմահար ապակին՝ կոտրված։ Բանալին բացակայում է։',850000,865000,'2024-02-27 00:46:46','2024-03-25 00:00:00',5000,NULL),(16,11,'Ավտոմեքենա 3 SERIES  3.0L','Տեխնիկական անձնագրի համարը՝ PB035655, նույնացման համարը՝ KNAFU4A22A5145516, շարժիչի հզորությունը՝ 156 Ձ.ՈՒ. / 115 ԿՎՏ։ Ավտոմեքենան գտնվում է վթարված վիճակում։ Զննման ընթացքում պարզվել է, որ վթարի հետևանքով վնասվել է ավտոմեքենայի առաջնամասը։ Ավերականգնելի վնասված և դոֆորմացված են՝ շարժիչի ծածկոցը, առջևի կայանարարը, աջ անվաթևի կեղտապաշտպանիչը, առջևի աջ և ետևի ձախ կողմի անվաթևերը, ետևի թափարգելը, ջերմափոխանակիչը, օդափոխիչը։ Առջևի լուսատու լապտերը, հակամառախուղային լապտերը, ճաղավանդակը կոտրված են։ Շարժիչը տեղաշարժված է, դիմահար ապակին՝ կոտրված։ Բանալին բացակայում է։',2850000,2920000,'2024-02-27 00:47:11','2024-03-25 00:00:00',15000,NULL),(17,12,'ԱՎՏՈՄԵՔԵՆԱ NISSAN ALTIMA 1.8','Տեխնիկական անձնագրի համարը՝ SB072377, նույնացման համարը՝ 1N4AL21D38C249577, շարժիչի հզորությունը՝ 188 Ձ.ՈՒ. / 138 ԿՎՏ։ Տրանսպորտային միջոցը տեղազնվել է ակնադիտական եղանակով: Տեղազննության օրվա դրությամբ շարժիչը չի գործադրվել մարտկոցի անսարքության պատճառով։ Թափքի վրա առկա են խազված, քերծված, ներկածածկույթը թափված տեղեր։ Հակամառախուղային լապտերը բացակայում են։ Անվադողերը նորմալ վիճակ, սրահը՝ բավարար։',1212965,NULL,'2024-03-14 08:00:00','2024-03-29 09:15:00',5800,NULL),(18,13,'ԱՎՏՈՄԵՔԵՆԱ MITSUBISHI LANCER 1.6 C','Տեխնիկական անձնագրի համարը՝ KB858811, նույնացման համարը՝ JMBSNCB4ARU506509, շարժիչի հզորությունը՝ 112 Ձ.ՈՒ. / 82 ԿՎՏ։ Ավտոմեքենան գտնվում է վթարված վիճակում: Տրանսպորտային միջոցը տեղազնվել է ակնադիտական եղանակով: Տեղազննության օրվա դրությամբ շարժիչը չի գործադրվել մարտկոցի անսարքության պատճառով։ Թափքի վրա առկա են խազված, քերծված, ներկածածկույթը թափված տեղեր։ Հակամառախուղային լապտերը բացակայում են։ Անվադողերը նորմալ վիճակ, սրահը՝ բավարար։',1000965,NULL,'2024-03-14 08:00:00','2024-03-24 19:15:00',7500,NULL),(19,14,'ԱՎՏՈՄԵՔԵՆԱ SKODA FABIA 1.2','Տեխնիկական անձնագրի համարը՝ KB858811, նույնացման համարը՝ JMBSNCB4ARU506509, շարժիչի հզորությունը՝ 112 Ձ.ՈՒ. / 82 ԿՎՏ։ Ավտոմեքենան գտնվում է վթարված վիճակում: Տրանսպորտային միջոցը տեղազնվել է ակնադիտական եղանակով: Տեղազննության օրվա դրությամբ շարժիչը չի գործադրվել մարտկոցի անսարքության պատճառով։ Թափքի վրա առկա են խազված, քերծված, ներկածածկույթը թափված տեղեր։ Հակամառախուղային լապտերը բացակայում են։ Անվադողերը նորմալ վիճակ, սրահը՝ բավարար։',1500000,NULL,'2024-03-14 08:00:00','2024-03-24 19:15:00',8000,NULL),(20,15,'ԱՎՏՈՄԵՔԵՆԱ FORD COURIER 1.8 D','Տեխնիկական անձնագրի համարը՝ KB858811, նույնացման համարը՝ JMBSNCB4ARU506509, շարժիչի հզորությունը՝ 112 Ձ.ՈՒ. / 82 ԿՎՏ։ Ավտոմեքենան գտնվում է վթարված վիճակում: Տրանսպորտային միջոցը տեղազնվել է ակնադիտական եղանակով: Տեղազննության օրվա դրությամբ շարժիչը չի գործադրվել մարտկոցի անսարքության պատճառով։ Թափքի վրա առկա են խազված, քերծված, ներկածածկույթը թափված տեղեր։ Հակամառախուղային լապտերը բացակայում են։ Անվադողերը նորմալ վիճակ, սրահը՝ բավարար։',1250000,NULL,'2024-03-14 08:00:00','2024-03-24 19:15:00',8000,NULL),(21,16,'ԱՎՏՈՄԵՔԵՆԱ VAZ 21074-120-21.','Տեխնիկական անձնագրի համարը՝ KB858811, նույնացման համարը՝ JMBSNCB4ARU506509, շարժիչի հզորությունը՝ 112 Ձ.ՈՒ. / 82 ԿՎՏ։ Ավտոմեքենան գտնվում է վթարված վիճակում: Տրանսպորտային միջոցը տեղազնվել է ակնադիտական եղանակով: Տեղազննության օրվա դրությամբ շարժիչը չի գործադրվել մարտկոցի անսարքության պատճառով։ Թափքի վրա առկա են խազված, քերծված, ներկածածկույթը թափված տեղեր։ Հակամառախուղային լապտերը բացակայում են։ Անվադողերը նորմալ վիճակ, սրահը՝ բավարար։',450000,NULL,'2024-03-14 08:00:00','2024-03-24 19:15:00',2000,NULL),(22,17,'ԱՎՏՈՄԵՔԵՆԱ VAZ 21214.','Տեխնիկական անձնագրի համարը՝ KB858811, նույնացման համարը՝ JMBSNCB4ARU506509, շարժիչի հզորությունը՝ 112 Ձ.ՈՒ. / 82 ԿՎՏ։ Ավտոմեքենան գտնվում է վթարված վիճակում: Տրանսպորտային միջոցը տեղազնվել է ակնադիտական եղանակով: Տեղազննության օրվա դրությամբ շարժիչը չի գործադրվել մարտկոցի անսարքության պատճառով։ Թափքի վրա առկա են խազված, քերծված, ներկածածկույթը թափված տեղեր։ Հակամառախուղային լապտերը բացակայում են։ Անվադողերը նորմալ վիճակ, սրահը՝ բավարար։',450000,455000,'2024-03-14 08:00:00','2024-03-24 19:15:00',2000,NULL),(27,7,'Ավտոմեքենա KIA OPTIMA 2.5L','Տեխնիկական անձնագրի համարը՝ PB035655, նույնացման համարը՝ KNAFU4A22A5145516, շարժիչի հզորությունը՝ 156 Ձ.ՈՒ. / 115 ԿՎՏ։ Ավտոմեքենան գտնվում է վթարված վիճակում։ Զննման ընթացքում պարզվել է, որ վթարի հետևանքով վնասվել է ավտոմեքենայի առաջնամասը։ Ավերականգնելի վնասված և դոֆորմացված են՝ շարժիչի ծածկոցը, առջևի կայանարարը, աջ անվաթևի կեղտապաշտպանիչը, առջևի աջ և ետևի ձախ կողմի անվաթևերը, ետևի թափարգելը, ջերմափոխանակիչը, օդափոխիչը։ Առջևի լուսատու լապտերը, հակամառախուղային լապտերը, ճաղավանդակը կոտրված են։ Շարժիչը տեղաշարժված է, դիմահար ապակին՝ կոտրված։ Բանալին բացակայում է։',1250000,1263000,'2024-02-27 00:44:53','2024-03-25 00:00:00',12000,NULL),(28,8,'Ավտոմեքենա MERCEDES E250 2.5L','Տեխնիկական անձնագրի համարը՝ PB035655, նույնացման համարը՝ KNAFU4A22A5145516, շարժիչի հզորությունը՝ 156 Ձ.ՈՒ. / 115 ԿՎՏ։ Ավտոմեքենան գտնվում է վթարված վիճակում։ Զննման ընթացքում պարզվել է, որ վթարի հետևանքով վնասվել է ավտոմեքենայի առաջնամասը։ Ավերականգնելի վնասված և դոֆորմացված են՝ շարժիչի ծածկոցը, առջևի կայանարարը, աջ անվաթևի կեղտապաշտպանիչը, առջևի աջ և ետևի ձախ կողմի անվաթևերը, ետևի թափարգելը, ջերմափոխանակիչը, օդափոխիչը։ Առջևի լուսատու լապտերը, հակամառախուղային լապտերը, ճաղավանդակը կոտրված են։ Շարժիչը տեղաշարժված է, դիմահար ապակին՝ կոտրված։ Բանալին բացակայում է։',2550000,2870000,'2024-02-27 00:45:41','2024-03-25 00:00:00',18000,NULL),(29,9,'Ավտոմեքենա MERCEDES G500 5.0L','Տեխնիկական անձնագրի համարը՝ PB035655, նույնացման համարը՝ KNAFU4A22A5145516, շարժիչի հզորությունը՝ 156 Ձ.ՈՒ. / 115 ԿՎՏ։ Ավտոմեքենան գտնվում է վթարված վիճակում։ Զննման ընթացքում պարզվել է, որ վթարի հետևանքով վնասվել է ավտոմեքենայի առաջնամասը։ Ավերականգնելի վնասված և դոֆորմացված են՝ շարժիչի ծածկոցը, առջևի կայանարարը, աջ անվաթևի կեղտապաշտպանիչը, առջևի աջ և ետևի ձախ կողմի անվաթևերը, ետևի թափարգելը, ջերմափոխանակիչը, օդափոխիչը։ Առջևի լուսատու լապտերը, հակամառախուղային լապտերը, ճաղավանդակը կոտրված են։ Շարժիչը տեղաշարժված է, դիմահար ապակին՝ կոտրված։ Բանալին բացակայում է։',18000000,18053000,'2024-02-27 00:46:13','2024-03-25 00:00:00',25000,NULL),(30,10,'Ավտոմեքենա OPEL Astra G  1.6L','Տեխնիկական անձնագրի համարը՝ PB035655, նույնացման համարը՝ KNAFU4A22A5145516, շարժիչի հզորությունը՝ 156 Ձ.ՈՒ. / 115 ԿՎՏ։ Ավտոմեքենան գտնվում է վթարված վիճակում։ Զննման ընթացքում պարզվել է, որ վթարի հետևանքով վնասվել է ավտոմեքենայի առաջնամասը։ Ավերականգնելի վնասված և դոֆորմացված են՝ շարժիչի ծածկոցը, առջևի կայանարարը, աջ անվաթևի կեղտապաշտպանիչը, առջևի աջ և ետևի ձախ կողմի անվաթևերը, ետևի թափարգելը, ջերմափոխանակիչը, օդափոխիչը։ Առջևի լուսատու լապտերը, հակամառախուղային լապտերը, ճաղավանդակը կոտրված են։ Շարժիչը տեղաշարժված է, դիմահար ապակին՝ կոտրված։ Բանալին բացակայում է։',850000,865000,'2024-02-27 00:46:46','2024-03-25 00:00:00',5000,NULL),(31,11,'Ավտոմեքենա 3 SERIES  3.0L','Տեխնիկական անձնագրի համարը՝ PB035655, նույնացման համարը՝ KNAFU4A22A5145516, շարժիչի հզորությունը՝ 156 Ձ.ՈՒ. / 115 ԿՎՏ։ Ավտոմեքենան գտնվում է վթարված վիճակում։ Զննման ընթացքում պարզվել է, որ վթարի հետևանքով վնասվել է ավտոմեքենայի առաջնամասը։ Ավերականգնելի վնասված և դոֆորմացված են՝ շարժիչի ծածկոցը, առջևի կայանարարը, աջ անվաթևի կեղտապաշտպանիչը, առջևի աջ և ետևի ձախ կողմի անվաթևերը, ետևի թափարգելը, ջերմափոխանակիչը, օդափոխիչը։ Առջևի լուսատու լապտերը, հակամառախուղային լապտերը, ճաղավանդակը կոտրված են։ Շարժիչը տեղաշարժված է, դիմահար ապակին՝ կոտրված։ Բանալին բացակայում է։',2850000,2920000,'2024-02-27 00:47:11','2024-03-25 00:00:00',15000,NULL),(32,12,'ԱՎՏՈՄԵՔԵՆԱ NISSAN ALTIMA 1.8','Տեխնիկական անձնագրի համարը՝ SB072377, նույնացման համարը՝ 1N4AL21D38C249577, շարժիչի հզորությունը՝ 188 Ձ.ՈՒ. / 138 ԿՎՏ։ Տրանսպորտային միջոցը տեղազնվել է ակնադիտական եղանակով: Տեղազննության օրվա դրությամբ շարժիչը չի գործադրվել մարտկոցի անսարքության պատճառով։ Թափքի վրա առկա են խազված, քերծված, ներկածածկույթը թափված տեղեր։ Հակամառախուղային լապտերը բացակայում են։ Անվադողերը նորմալ վիճակ, սրահը՝ բավարար։',1212965,NULL,'2024-03-14 08:00:00','2024-03-29 09:15:00',5800,NULL),(33,13,'ԱՎՏՈՄԵՔԵՆԱ MITSUBISHI LANCER 1.6 C','Տեխնիկական անձնագրի համարը՝ KB858811, նույնացման համարը՝ JMBSNCB4ARU506509, շարժիչի հզորությունը՝ 112 Ձ.ՈՒ. / 82 ԿՎՏ։ Ավտոմեքենան գտնվում է վթարված վիճակում: Տրանսպորտային միջոցը տեղազնվել է ակնադիտական եղանակով: Տեղազննության օրվա դրությամբ շարժիչը չի գործադրվել մարտկոցի անսարքության պատճառով։ Թափքի վրա առկա են խազված, քերծված, ներկածածկույթը թափված տեղեր։ Հակամառախուղային լապտերը բացակայում են։ Անվադողերը նորմալ վիճակ, սրահը՝ բավարար։',1000965,NULL,'2024-03-14 08:00:00','2024-03-24 19:15:00',7500,NULL),(34,14,'ԱՎՏՈՄԵՔԵՆԱ SKODA FABIA 1.2','Տեխնիկական անձնագրի համարը՝ KB858811, նույնացման համարը՝ JMBSNCB4ARU506509, շարժիչի հզորությունը՝ 112 Ձ.ՈՒ. / 82 ԿՎՏ։ Ավտոմեքենան գտնվում է վթարված վիճակում: Տրանսպորտային միջոցը տեղազնվել է ակնադիտական եղանակով: Տեղազննության օրվա դրությամբ շարժիչը չի գործադրվել մարտկոցի անսարքության պատճառով։ Թափքի վրա առկա են խազված, քերծված, ներկածածկույթը թափված տեղեր։ Հակամառախուղային լապտերը բացակայում են։ Անվադողերը նորմալ վիճակ, սրահը՝ բավարար։',1500000,NULL,'2024-03-14 08:00:00','2024-03-24 19:15:00',8000,NULL),(35,15,'ԱՎՏՈՄԵՔԵՆԱ FORD COURIER 1.8 D','Տեխնիկական անձնագրի համարը՝ KB858811, նույնացման համարը՝ JMBSNCB4ARU506509, շարժիչի հզորությունը՝ 112 Ձ.ՈՒ. / 82 ԿՎՏ։ Ավտոմեքենան գտնվում է վթարված վիճակում: Տրանսպորտային միջոցը տեղազնվել է ակնադիտական եղանակով: Տեղազննության օրվա դրությամբ շարժիչը չի գործադրվել մարտկոցի անսարքության պատճառով։ Թափքի վրա առկա են խազված, քերծված, ներկածածկույթը թափված տեղեր։ Հակամառախուղային լապտերը բացակայում են։ Անվադողերը նորմալ վիճակ, սրահը՝ բավարար։',1250000,NULL,'2024-03-14 08:00:00','2024-03-24 19:15:00',8000,NULL),(36,16,'ԱՎՏՈՄԵՔԵՆԱ VAZ 21074-120-21.','Տեխնիկական անձնագրի համարը՝ KB858811, նույնացման համարը՝ JMBSNCB4ARU506509, շարժիչի հզորությունը՝ 112 Ձ.ՈՒ. / 82 ԿՎՏ։ Ավտոմեքենան գտնվում է վթարված վիճակում: Տրանսպորտային միջոցը տեղազնվել է ակնադիտական եղանակով: Տեղազննության օրվա դրությամբ շարժիչը չի գործադրվել մարտկոցի անսարքության պատճառով։ Թափքի վրա առկա են խազված, քերծված, ներկածածկույթը թափված տեղեր։ Հակամառախուղային լապտերը բացակայում են։ Անվադողերը նորմալ վիճակ, սրահը՝ բավարար։',450000,NULL,'2024-03-14 08:00:00','2024-03-24 19:15:00',2000,NULL),(37,17,'ԱՎՏՈՄԵՔԵՆԱ VAZ 21214.','Տեխնիկական անձնագրի համարը՝ KB858811, նույնացման համարը՝ JMBSNCB4ARU506509, շարժիչի հզորությունը՝ 112 Ձ.ՈՒ. / 82 ԿՎՏ։ Ավտոմեքենան գտնվում է վթարված վիճակում: Տրանսպորտային միջոցը տեղազնվել է ակնադիտական եղանակով: Տեղազննության օրվա դրությամբ շարժիչը չի գործադրվել մարտկոցի անսարքության պատճառով։ Թափքի վրա առկա են խազված, քերծված, ներկածածկույթը թափված տեղեր։ Հակամառախուղային լապտերը բացակայում են։ Անվադողերը նորմալ վիճակ, սրահը՝ բավարար։',450000,455000,'2024-03-14 08:00:00','2024-03-24 19:15:00',2000,NULL),(42,7,'Ավտոմեքենա KIA OPTIMA 2.5L','Տեխնիկական անձնագրի համարը՝ PB035655, նույնացման համարը՝ KNAFU4A22A5145516, շարժիչի հզորությունը՝ 156 Ձ.ՈՒ. / 115 ԿՎՏ։ Ավտոմեքենան գտնվում է վթարված վիճակում։ Զննման ընթացքում պարզվել է, որ վթարի հետևանքով վնասվել է ավտոմեքենայի առաջնամասը։ Ավերականգնելի վնասված և դոֆորմացված են՝ շարժիչի ծածկոցը, առջևի կայանարարը, աջ անվաթևի կեղտապաշտպանիչը, առջևի աջ և ետևի ձախ կողմի անվաթևերը, ետևի թափարգելը, ջերմափոխանակիչը, օդափոխիչը։ Առջևի լուսատու լապտերը, հակամառախուղային լապտերը, ճաղավանդակը կոտրված են։ Շարժիչը տեղաշարժված է, դիմահար ապակին՝ կոտրված։ Բանալին բացակայում է։',1250000,1263000,'2024-02-27 00:44:53','2024-03-25 00:00:00',12000,NULL),(43,8,'Ավտոմեքենա MERCEDES E250 2.5L','Տեխնիկական անձնագրի համարը՝ PB035655, նույնացման համարը՝ KNAFU4A22A5145516, շարժիչի հզորությունը՝ 156 Ձ.ՈՒ. / 115 ԿՎՏ։ Ավտոմեքենան գտնվում է վթարված վիճակում։ Զննման ընթացքում պարզվել է, որ վթարի հետևանքով վնասվել է ավտոմեքենայի առաջնամասը։ Ավերականգնելի վնասված և դոֆորմացված են՝ շարժիչի ծածկոցը, առջևի կայանարարը, աջ անվաթևի կեղտապաշտպանիչը, առջևի աջ և ետևի ձախ կողմի անվաթևերը, ետևի թափարգելը, ջերմափոխանակիչը, օդափոխիչը։ Առջևի լուսատու լապտերը, հակամառախուղային լապտերը, ճաղավանդակը կոտրված են։ Շարժիչը տեղաշարժված է, դիմահար ապակին՝ կոտրված։ Բանալին բացակայում է։',2550000,2870000,'2024-02-27 00:45:41','2024-03-25 00:00:00',18000,NULL),(44,9,'Ավտոմեքենա MERCEDES G500 5.0L','Տեխնիկական անձնագրի համարը՝ PB035655, նույնացման համարը՝ KNAFU4A22A5145516, շարժիչի հզորությունը՝ 156 Ձ.ՈՒ. / 115 ԿՎՏ։ Ավտոմեքենան գտնվում է վթարված վիճակում։ Զննման ընթացքում պարզվել է, որ վթարի հետևանքով վնասվել է ավտոմեքենայի առաջնամասը։ Ավերականգնելի վնասված և դոֆորմացված են՝ շարժիչի ծածկոցը, առջևի կայանարարը, աջ անվաթևի կեղտապաշտպանիչը, առջևի աջ և ետևի ձախ կողմի անվաթևերը, ետևի թափարգելը, ջերմափոխանակիչը, օդափոխիչը։ Առջևի լուսատու լապտերը, հակամառախուղային լապտերը, ճաղավանդակը կոտրված են։ Շարժիչը տեղաշարժված է, դիմահար ապակին՝ կոտրված։ Բանալին բացակայում է։',18000000,18053000,'2024-02-27 00:46:13','2024-03-25 00:00:00',25000,NULL),(45,10,'Ավտոմեքենա OPEL Astra G  1.6L','Տեխնիկական անձնագրի համարը՝ PB035655, նույնացման համարը՝ KNAFU4A22A5145516, շարժիչի հզորությունը՝ 156 Ձ.ՈՒ. / 115 ԿՎՏ։ Ավտոմեքենան գտնվում է վթարված վիճակում։ Զննման ընթացքում պարզվել է, որ վթարի հետևանքով վնասվել է ավտոմեքենայի առաջնամասը։ Ավերականգնելի վնասված և դոֆորմացված են՝ շարժիչի ծածկոցը, առջևի կայանարարը, աջ անվաթևի կեղտապաշտպանիչը, առջևի աջ և ետևի ձախ կողմի անվաթևերը, ետևի թափարգելը, ջերմափոխանակիչը, օդափոխիչը։ Առջևի լուսատու լապտերը, հակամառախուղային լապտերը, ճաղավանդակը կոտրված են։ Շարժիչը տեղաշարժված է, դիմահար ապակին՝ կոտրված։ Բանալին բացակայում է։',850000,865000,'2024-02-27 00:46:46','2024-03-25 00:00:00',5000,NULL),(46,11,'Ավտոմեքենա 3 SERIES  3.0L','Տեխնիկական անձնագրի համարը՝ PB035655, նույնացման համարը՝ KNAFU4A22A5145516, շարժիչի հզորությունը՝ 156 Ձ.ՈՒ. / 115 ԿՎՏ։ Ավտոմեքենան գտնվում է վթարված վիճակում։ Զննման ընթացքում պարզվել է, որ վթարի հետևանքով վնասվել է ավտոմեքենայի առաջնամասը։ Ավերականգնելի վնասված և դոֆորմացված են՝ շարժիչի ծածկոցը, առջևի կայանարարը, աջ անվաթևի կեղտապաշտպանիչը, առջևի աջ և ետևի ձախ կողմի անվաթևերը, ետևի թափարգելը, ջերմափոխանակիչը, օդափոխիչը։ Առջևի լուսատու լապտերը, հակամառախուղային լապտերը, ճաղավանդակը կոտրված են։ Շարժիչը տեղաշարժված է, դիմահար ապակին՝ կոտրված։ Բանալին բացակայում է։',2850000,2920000,'2024-02-27 00:47:11','2024-03-25 00:00:00',15000,NULL),(47,12,'ԱՎՏՈՄԵՔԵՆԱ NISSAN ALTIMA 1.8','Տեխնիկական անձնագրի համարը՝ SB072377, նույնացման համարը՝ 1N4AL21D38C249577, շարժիչի հզորությունը՝ 188 Ձ.ՈՒ. / 138 ԿՎՏ։ Տրանսպորտային միջոցը տեղազնվել է ակնադիտական եղանակով: Տեղազննության օրվա դրությամբ շարժիչը չի գործադրվել մարտկոցի անսարքության պատճառով։ Թափքի վրա առկա են խազված, քերծված, ներկածածկույթը թափված տեղեր։ Հակամառախուղային լապտերը բացակայում են։ Անվադողերը նորմալ վիճակ, սրահը՝ բավարար։',1212965,NULL,'2024-03-14 08:00:00','2024-03-29 09:15:00',5800,NULL),(48,13,'ԱՎՏՈՄԵՔԵՆԱ MITSUBISHI LANCER 1.6 C','Տեխնիկական անձնագրի համարը՝ KB858811, նույնացման համարը՝ JMBSNCB4ARU506509, շարժիչի հզորությունը՝ 112 Ձ.ՈՒ. / 82 ԿՎՏ։ Ավտոմեքենան գտնվում է վթարված վիճակում: Տրանսպորտային միջոցը տեղազնվել է ակնադիտական եղանակով: Տեղազննության օրվա դրությամբ շարժիչը չի գործադրվել մարտկոցի անսարքության պատճառով։ Թափքի վրա առկա են խազված, քերծված, ներկածածկույթը թափված տեղեր։ Հակամառախուղային լապտերը բացակայում են։ Անվադողերը նորմալ վիճակ, սրահը՝ բավարար։',1000965,NULL,'2024-03-14 08:00:00','2024-03-24 19:15:00',7500,NULL),(49,14,'ԱՎՏՈՄԵՔԵՆԱ SKODA FABIA 1.2','Տեխնիկական անձնագրի համարը՝ KB858811, նույնացման համարը՝ JMBSNCB4ARU506509, շարժիչի հզորությունը՝ 112 Ձ.ՈՒ. / 82 ԿՎՏ։ Ավտոմեքենան գտնվում է վթարված վիճակում: Տրանսպորտային միջոցը տեղազնվել է ակնադիտական եղանակով: Տեղազննության օրվա դրությամբ շարժիչը չի գործադրվել մարտկոցի անսարքության պատճառով։ Թափքի վրա առկա են խազված, քերծված, ներկածածկույթը թափված տեղեր։ Հակամառախուղային լապտերը բացակայում են։ Անվադողերը նորմալ վիճակ, սրահը՝ բավարար։',1500000,NULL,'2024-03-14 08:00:00','2024-03-24 19:15:00',8000,NULL),(50,15,'ԱՎՏՈՄԵՔԵՆԱ FORD COURIER 1.8 D','Տեխնիկական անձնագրի համարը՝ KB858811, նույնացման համարը՝ JMBSNCB4ARU506509, շարժիչի հզորությունը՝ 112 Ձ.ՈՒ. / 82 ԿՎՏ։ Ավտոմեքենան գտնվում է վթարված վիճակում: Տրանսպորտային միջոցը տեղազնվել է ակնադիտական եղանակով: Տեղազննության օրվա դրությամբ շարժիչը չի գործադրվել մարտկոցի անսարքության պատճառով։ Թափքի վրա առկա են խազված, քերծված, ներկածածկույթը թափված տեղեր։ Հակամառախուղային լապտերը բացակայում են։ Անվադողերը նորմալ վիճակ, սրահը՝ բավարար։',1250000,NULL,'2024-03-14 08:00:00','2024-03-24 19:15:00',8000,NULL),(51,16,'ԱՎՏՈՄԵՔԵՆԱ VAZ 21074-120-21.','Տեխնիկական անձնագրի համարը՝ KB858811, նույնացման համարը՝ JMBSNCB4ARU506509, շարժիչի հզորությունը՝ 112 Ձ.ՈՒ. / 82 ԿՎՏ։ Ավտոմեքենան գտնվում է վթարված վիճակում: Տրանսպորտային միջոցը տեղազնվել է ակնադիտական եղանակով: Տեղազննության օրվա դրությամբ շարժիչը չի գործադրվել մարտկոցի անսարքության պատճառով։ Թափքի վրա առկա են խազված, քերծված, ներկածածկույթը թափված տեղեր։ Հակամառախուղային լապտերը բացակայում են։ Անվադողերը նորմալ վիճակ, սրահը՝ բավարար։',450000,NULL,'2024-03-14 08:00:00','2024-03-24 19:15:00',2000,NULL),(52,17,'ԱՎՏՈՄԵՔԵՆԱ VAZ 21214.','Տեխնիկական անձնագրի համարը՝ KB858811, նույնացման համարը՝ JMBSNCB4ARU506509, շարժիչի հզորությունը՝ 112 Ձ.ՈՒ. / 82 ԿՎՏ։ Ավտոմեքենան գտնվում է վթարված վիճակում: Տրանսպորտային միջոցը տեղազնվել է ակնադիտական եղանակով: Տեղազննության օրվա դրությամբ շարժիչը չի գործադրվել մարտկոցի անսարքության պատճառով։ Թափքի վրա առկա են խազված, քերծված, ներկածածկույթը թափված տեղեր։ Հակամառախուղային լապտերը բացակայում են։ Անվադողերը նորմալ վիճակ, սրահը՝ բավարար։',450000,455000,'2024-03-14 08:00:00','2024-03-24 19:15:00',2000,NULL),(57,7,'Ավտոմեքենա KIA OPTIMA 2.5L','Տեխնիկական անձնագրի համարը՝ PB035655, նույնացման համարը՝ KNAFU4A22A5145516, շարժիչի հզորությունը՝ 156 Ձ.ՈՒ. / 115 ԿՎՏ։ Ավտոմեքենան գտնվում է վթարված վիճակում։ Զննման ընթացքում պարզվել է, որ վթարի հետևանքով վնասվել է ավտոմեքենայի առաջնամասը։ Ավերականգնելի վնասված և դոֆորմացված են՝ շարժիչի ծածկոցը, առջևի կայանարարը, աջ անվաթևի կեղտապաշտպանիչը, առջևի աջ և ետևի ձախ կողմի անվաթևերը, ետևի թափարգելը, ջերմափոխանակիչը, օդափոխիչը։ Առջևի լուսատու լապտերը, հակամառախուղային լապտերը, ճաղավանդակը կոտրված են։ Շարժիչը տեղաշարժված է, դիմահար ապակին՝ կոտրված։ Բանալին բացակայում է։',1250000,1263000,'2024-02-27 00:44:53','2024-03-25 00:00:00',12000,NULL),(58,8,'Ավտոմեքենա MERCEDES E250 2.5L','Տեխնիկական անձնագրի համարը՝ PB035655, նույնացման համարը՝ KNAFU4A22A5145516, շարժիչի հզորությունը՝ 156 Ձ.ՈՒ. / 115 ԿՎՏ։ Ավտոմեքենան գտնվում է վթարված վիճակում։ Զննման ընթացքում պարզվել է, որ վթարի հետևանքով վնասվել է ավտոմեքենայի առաջնամասը։ Ավերականգնելի վնասված և դոֆորմացված են՝ շարժիչի ծածկոցը, առջևի կայանարարը, աջ անվաթևի կեղտապաշտպանիչը, առջևի աջ և ետևի ձախ կողմի անվաթևերը, ետևի թափարգելը, ջերմափոխանակիչը, օդափոխիչը։ Առջևի լուսատու լապտերը, հակամառախուղային լապտերը, ճաղավանդակը կոտրված են։ Շարժիչը տեղաշարժված է, դիմահար ապակին՝ կոտրված։ Բանալին բացակայում է։',2550000,2870000,'2024-02-27 00:45:41','2024-03-25 00:00:00',18000,NULL),(59,9,'Ավտոմեքենա MERCEDES G500 5.0L','Տեխնիկական անձնագրի համարը՝ PB035655, նույնացման համարը՝ KNAFU4A22A5145516, շարժիչի հզորությունը՝ 156 Ձ.ՈՒ. / 115 ԿՎՏ։ Ավտոմեքենան գտնվում է վթարված վիճակում։ Զննման ընթացքում պարզվել է, որ վթարի հետևանքով վնասվել է ավտոմեքենայի առաջնամասը։ Ավերականգնելի վնասված և դոֆորմացված են՝ շարժիչի ծածկոցը, առջևի կայանարարը, աջ անվաթևի կեղտապաշտպանիչը, առջևի աջ և ետևի ձախ կողմի անվաթևերը, ետևի թափարգելը, ջերմափոխանակիչը, օդափոխիչը։ Առջևի լուսատու լապտերը, հակամառախուղային լապտերը, ճաղավանդակը կոտրված են։ Շարժիչը տեղաշարժված է, դիմահար ապակին՝ կոտրված։ Բանալին բացակայում է։',18000000,18053000,'2024-02-27 00:46:13','2024-03-25 00:00:00',25000,NULL),(60,10,'Ավտոմեքենա OPEL Astra G  1.6L','Տեխնիկական անձնագրի համարը՝ PB035655, նույնացման համարը՝ KNAFU4A22A5145516, շարժիչի հզորությունը՝ 156 Ձ.ՈՒ. / 115 ԿՎՏ։ Ավտոմեքենան գտնվում է վթարված վիճակում։ Զննման ընթացքում պարզվել է, որ վթարի հետևանքով վնասվել է ավտոմեքենայի առաջնամասը։ Ավերականգնելի վնասված և դոֆորմացված են՝ շարժիչի ծածկոցը, առջևի կայանարարը, աջ անվաթևի կեղտապաշտպանիչը, առջևի աջ և ետևի ձախ կողմի անվաթևերը, ետևի թափարգելը, ջերմափոխանակիչը, օդափոխիչը։ Առջևի լուսատու լապտերը, հակամառախուղային լապտերը, ճաղավանդակը կոտրված են։ Շարժիչը տեղաշարժված է, դիմահար ապակին՝ կոտրված։ Բանալին բացակայում է։',850000,865000,'2024-02-27 00:46:46','2024-03-25 00:00:00',5000,NULL),(61,11,'Ավտոմեքենա 3 SERIES  3.0L','Տեխնիկական անձնագրի համարը՝ PB035655, նույնացման համարը՝ KNAFU4A22A5145516, շարժիչի հզորությունը՝ 156 Ձ.ՈՒ. / 115 ԿՎՏ։ Ավտոմեքենան գտնվում է վթարված վիճակում։ Զննման ընթացքում պարզվել է, որ վթարի հետևանքով վնասվել է ավտոմեքենայի առաջնամասը։ Ավերականգնելի վնասված և դոֆորմացված են՝ շարժիչի ծածկոցը, առջևի կայանարարը, աջ անվաթևի կեղտապաշտպանիչը, առջևի աջ և ետևի ձախ կողմի անվաթևերը, ետևի թափարգելը, ջերմափոխանակիչը, օդափոխիչը։ Առջևի լուսատու լապտերը, հակամառախուղային լապտերը, ճաղավանդակը կոտրված են։ Շարժիչը տեղաշարժված է, դիմահար ապակին՝ կոտրված։ Բանալին բացակայում է։',2850000,2920000,'2024-02-27 00:47:11','2024-03-25 00:00:00',15000,NULL),(62,12,'ԱՎՏՈՄԵՔԵՆԱ NISSAN ALTIMA 1.8','Տեխնիկական անձնագրի համարը՝ SB072377, նույնացման համարը՝ 1N4AL21D38C249577, շարժիչի հզորությունը՝ 188 Ձ.ՈՒ. / 138 ԿՎՏ։ Տրանսպորտային միջոցը տեղազնվել է ակնադիտական եղանակով: Տեղազննության օրվա դրությամբ շարժիչը չի գործադրվել մարտկոցի անսարքության պատճառով։ Թափքի վրա առկա են խազված, քերծված, ներկածածկույթը թափված տեղեր։ Հակամառախուղային լապտերը բացակայում են։ Անվադողերը նորմալ վիճակ, սրահը՝ բավարար։',1212965,NULL,'2024-03-14 08:00:00','2024-03-29 09:15:00',5800,NULL),(63,13,'ԱՎՏՈՄԵՔԵՆԱ MITSUBISHI LANCER 1.6 C','Տեխնիկական անձնագրի համարը՝ KB858811, նույնացման համարը՝ JMBSNCB4ARU506509, շարժիչի հզորությունը՝ 112 Ձ.ՈՒ. / 82 ԿՎՏ։ Ավտոմեքենան գտնվում է վթարված վիճակում: Տրանսպորտային միջոցը տեղազնվել է ակնադիտական եղանակով: Տեղազննության օրվա դրությամբ շարժիչը չի գործադրվել մարտկոցի անսարքության պատճառով։ Թափքի վրա առկա են խազված, քերծված, ներկածածկույթը թափված տեղեր։ Հակամառախուղային լապտերը բացակայում են։ Անվադողերը նորմալ վիճակ, սրահը՝ բավարար։',1000965,NULL,'2024-03-14 08:00:00','2024-03-24 19:15:00',7500,NULL),(64,14,'ԱՎՏՈՄԵՔԵՆԱ SKODA FABIA 1.2','Տեխնիկական անձնագրի համարը՝ KB858811, նույնացման համարը՝ JMBSNCB4ARU506509, շարժիչի հզորությունը՝ 112 Ձ.ՈՒ. / 82 ԿՎՏ։ Ավտոմեքենան գտնվում է վթարված վիճակում: Տրանսպորտային միջոցը տեղազնվել է ակնադիտական եղանակով: Տեղազննության օրվա դրությամբ շարժիչը չի գործադրվել մարտկոցի անսարքության պատճառով։ Թափքի վրա առկա են խազված, քերծված, ներկածածկույթը թափված տեղեր։ Հակամառախուղային լապտերը բացակայում են։ Անվադողերը նորմալ վիճակ, սրահը՝ բավարար։',1500000,NULL,'2024-03-14 08:00:00','2024-03-24 19:15:00',8000,NULL),(65,15,'ԱՎՏՈՄԵՔԵՆԱ FORD COURIER 1.8 D','Տեխնիկական անձնագրի համարը՝ KB858811, նույնացման համարը՝ JMBSNCB4ARU506509, շարժիչի հզորությունը՝ 112 Ձ.ՈՒ. / 82 ԿՎՏ։ Ավտոմեքենան գտնվում է վթարված վիճակում: Տրանսպորտային միջոցը տեղազնվել է ակնադիտական եղանակով: Տեղազննության օրվա դրությամբ շարժիչը չի գործադրվել մարտկոցի անսարքության պատճառով։ Թափքի վրա առկա են խազված, քերծված, ներկածածկույթը թափված տեղեր։ Հակամառախուղային լապտերը բացակայում են։ Անվադողերը նորմալ վիճակ, սրահը՝ բավարար։',1250000,NULL,'2024-03-14 08:00:00','2024-03-24 19:15:00',8000,NULL),(66,16,'ԱՎՏՈՄԵՔԵՆԱ VAZ 21074-120-21.','Տեխնիկական անձնագրի համարը՝ KB858811, նույնացման համարը՝ JMBSNCB4ARU506509, շարժիչի հզորությունը՝ 112 Ձ.ՈՒ. / 82 ԿՎՏ։ Ավտոմեքենան գտնվում է վթարված վիճակում: Տրանսպորտային միջոցը տեղազնվել է ակնադիտական եղանակով: Տեղազննության օրվա դրությամբ շարժիչը չի գործադրվել մարտկոցի անսարքության պատճառով։ Թափքի վրա առկա են խազված, քերծված, ներկածածկույթը թափված տեղեր։ Հակամառախուղային լապտերը բացակայում են։ Անվադողերը նորմալ վիճակ, սրահը՝ բավարար։',450000,NULL,'2024-03-14 08:00:00','2024-03-24 19:15:00',2000,NULL),(67,17,'ԱՎՏՈՄԵՔԵՆԱ VAZ 21214.','Տեխնիկական անձնագրի համարը՝ KB858811, նույնացման համարը՝ JMBSNCB4ARU506509, շարժիչի հզորությունը՝ 112 Ձ.ՈՒ. / 82 ԿՎՏ։ Ավտոմեքենան գտնվում է վթարված վիճակում: Տրանսպորտային միջոցը տեղազնվել է ակնադիտական եղանակով: Տեղազննության օրվա դրությամբ շարժիչը չի գործադրվել մարտկոցի անսարքության պատճառով։ Թափքի վրա առկա են խազված, քերծված, ներկածածկույթը թափված տեղեր։ Հակամառախուղային լապտերը բացակայում են։ Անվադողերը նորմալ վիճակ, սրահը՝ բավարար։',450000,455000,'2024-03-14 08:00:00','2024-03-24 19:15:00',2000,NULL),(72,7,'Ավտոմեքենա KIA OPTIMA 2.5L','Տեխնիկական անձնագրի համարը՝ PB035655, նույնացման համարը՝ KNAFU4A22A5145516, շարժիչի հզորությունը՝ 156 Ձ.ՈՒ. / 115 ԿՎՏ։ Ավտոմեքենան գտնվում է վթարված վիճակում։ Զննման ընթացքում պարզվել է, որ վթարի հետևանքով վնասվել է ավտոմեքենայի առաջնամասը։ Ավերականգնելի վնասված և դոֆորմացված են՝ շարժիչի ծածկոցը, առջևի կայանարարը, աջ անվաթևի կեղտապաշտպանիչը, առջևի աջ և ետևի ձախ կողմի անվաթևերը, ետևի թափարգելը, ջերմափոխանակիչը, օդափոխիչը։ Առջևի լուսատու լապտերը, հակամառախուղային լապտերը, ճաղավանդակը կոտրված են։ Շարժիչը տեղաշարժված է, դիմահար ապակին՝ կոտրված։ Բանալին բացակայում է։',1250000,1263000,'2024-02-27 00:44:53','2024-03-25 00:00:00',12000,NULL),(73,8,'Ավտոմեքենա MERCEDES E250 2.5L','Տեխնիկական անձնագրի համարը՝ PB035655, նույնացման համարը՝ KNAFU4A22A5145516, շարժիչի հզորությունը՝ 156 Ձ.ՈՒ. / 115 ԿՎՏ։ Ավտոմեքենան գտնվում է վթարված վիճակում։ Զննման ընթացքում պարզվել է, որ վթարի հետևանքով վնասվել է ավտոմեքենայի առաջնամասը։ Ավերականգնելի վնասված և դոֆորմացված են՝ շարժիչի ծածկոցը, առջևի կայանարարը, աջ անվաթևի կեղտապաշտպանիչը, առջևի աջ և ետևի ձախ կողմի անվաթևերը, ետևի թափարգելը, ջերմափոխանակիչը, օդափոխիչը։ Առջևի լուսատու լապտերը, հակամառախուղային լապտերը, ճաղավանդակը կոտրված են։ Շարժիչը տեղաշարժված է, դիմահար ապակին՝ կոտրված։ Բանալին բացակայում է։',2550000,2870000,'2024-02-27 00:45:41','2024-03-25 00:00:00',18000,NULL),(74,9,'Ավտոմեքենա MERCEDES G500 5.0L','Տեխնիկական անձնագրի համարը՝ PB035655, նույնացման համարը՝ KNAFU4A22A5145516, շարժիչի հզորությունը՝ 156 Ձ.ՈՒ. / 115 ԿՎՏ։ Ավտոմեքենան գտնվում է վթարված վիճակում։ Զննման ընթացքում պարզվել է, որ վթարի հետևանքով վնասվել է ավտոմեքենայի առաջնամասը։ Ավերականգնելի վնասված և դոֆորմացված են՝ շարժիչի ծածկոցը, առջևի կայանարարը, աջ անվաթևի կեղտապաշտպանիչը, առջևի աջ և ետևի ձախ կողմի անվաթևերը, ետևի թափարգելը, ջերմափոխանակիչը, օդափոխիչը։ Առջևի լուսատու լապտերը, հակամառախուղային լապտերը, ճաղավանդակը կոտրված են։ Շարժիչը տեղաշարժված է, դիմահար ապակին՝ կոտրված։ Բանալին բացակայում է։',18000000,18053000,'2024-02-27 00:46:13','2024-03-25 00:00:00',25000,NULL),(75,10,'Ավտոմեքենա OPEL Astra G  1.6L','Տեխնիկական անձնագրի համարը՝ PB035655, նույնացման համարը՝ KNAFU4A22A5145516, շարժիչի հզորությունը՝ 156 Ձ.ՈՒ. / 115 ԿՎՏ։ Ավտոմեքենան գտնվում է վթարված վիճակում։ Զննման ընթացքում պարզվել է, որ վթարի հետևանքով վնասվել է ավտոմեքենայի առաջնամասը։ Ավերականգնելի վնասված և դոֆորմացված են՝ շարժիչի ծածկոցը, առջևի կայանարարը, աջ անվաթևի կեղտապաշտպանիչը, առջևի աջ և ետևի ձախ կողմի անվաթևերը, ետևի թափարգելը, ջերմափոխանակիչը, օդափոխիչը։ Առջևի լուսատու լապտերը, հակամառախուղային լապտերը, ճաղավանդակը կոտրված են։ Շարժիչը տեղաշարժված է, դիմահար ապակին՝ կոտրված։ Բանալին բացակայում է։',850000,865000,'2024-02-27 00:46:46','2024-03-25 00:00:00',5000,NULL),(76,11,'Ավտոմեքենա 3 SERIES  3.0L','Տեխնիկական անձնագրի համարը՝ PB035655, նույնացման համարը՝ KNAFU4A22A5145516, շարժիչի հզորությունը՝ 156 Ձ.ՈՒ. / 115 ԿՎՏ։ Ավտոմեքենան գտնվում է վթարված վիճակում։ Զննման ընթացքում պարզվել է, որ վթարի հետևանքով վնասվել է ավտոմեքենայի առաջնամասը։ Ավերականգնելի վնասված և դոֆորմացված են՝ շարժիչի ծածկոցը, առջևի կայանարարը, աջ անվաթևի կեղտապաշտպանիչը, առջևի աջ և ետևի ձախ կողմի անվաթևերը, ետևի թափարգելը, ջերմափոխանակիչը, օդափոխիչը։ Առջևի լուսատու լապտերը, հակամառախուղային լապտերը, ճաղավանդակը կոտրված են։ Շարժիչը տեղաշարժված է, դիմահար ապակին՝ կոտրված։ Բանալին բացակայում է։',2850000,2920000,'2024-02-27 00:47:11','2024-03-25 00:00:00',15000,NULL),(77,12,'ԱՎՏՈՄԵՔԵՆԱ NISSAN ALTIMA 1.8','Տեխնիկական անձնագրի համարը՝ SB072377, նույնացման համարը՝ 1N4AL21D38C249577, շարժիչի հզորությունը՝ 188 Ձ.ՈՒ. / 138 ԿՎՏ։ Տրանսպորտային միջոցը տեղազնվել է ակնադիտական եղանակով: Տեղազննության օրվա դրությամբ շարժիչը չի գործադրվել մարտկոցի անսարքության պատճառով։ Թափքի վրա առկա են խազված, քերծված, ներկածածկույթը թափված տեղեր։ Հակամառախուղային լապտերը բացակայում են։ Անվադողերը նորմալ վիճակ, սրահը՝ բավարար։',1212965,NULL,'2024-03-14 08:00:00','2024-03-29 09:15:00',5800,NULL),(78,13,'ԱՎՏՈՄԵՔԵՆԱ MITSUBISHI LANCER 1.6 C','Տեխնիկական անձնագրի համարը՝ KB858811, նույնացման համարը՝ JMBSNCB4ARU506509, շարժիչի հզորությունը՝ 112 Ձ.ՈՒ. / 82 ԿՎՏ։ Ավտոմեքենան գտնվում է վթարված վիճակում: Տրանսպորտային միջոցը տեղազնվել է ակնադիտական եղանակով: Տեղազննության օրվա դրությամբ շարժիչը չի գործադրվել մարտկոցի անսարքության պատճառով։ Թափքի վրա առկա են խազված, քերծված, ներկածածկույթը թափված տեղեր։ Հակամառախուղային լապտերը բացակայում են։ Անվադողերը նորմալ վիճակ, սրահը՝ բավարար։',1000965,NULL,'2024-03-14 08:00:00','2024-03-24 19:15:00',7500,NULL),(79,14,'ԱՎՏՈՄԵՔԵՆԱ SKODA FABIA 1.2','Տեխնիկական անձնագրի համարը՝ KB858811, նույնացման համարը՝ JMBSNCB4ARU506509, շարժիչի հզորությունը՝ 112 Ձ.ՈՒ. / 82 ԿՎՏ։ Ավտոմեքենան գտնվում է վթարված վիճակում: Տրանսպորտային միջոցը տեղազնվել է ակնադիտական եղանակով: Տեղազննության օրվա դրությամբ շարժիչը չի գործադրվել մարտկոցի անսարքության պատճառով։ Թափքի վրա առկա են խազված, քերծված, ներկածածկույթը թափված տեղեր։ Հակամառախուղային լապտերը բացակայում են։ Անվադողերը նորմալ վիճակ, սրահը՝ բավարար։',1500000,NULL,'2024-03-14 08:00:00','2024-03-24 19:15:00',8000,NULL),(80,15,'ԱՎՏՈՄԵՔԵՆԱ FORD COURIER 1.8 D','Տեխնիկական անձնագրի համարը՝ KB858811, նույնացման համարը՝ JMBSNCB4ARU506509, շարժիչի հզորությունը՝ 112 Ձ.ՈՒ. / 82 ԿՎՏ։ Ավտոմեքենան գտնվում է վթարված վիճակում: Տրանսպորտային միջոցը տեղազնվել է ակնադիտական եղանակով: Տեղազննության օրվա դրությամբ շարժիչը չի գործադրվել մարտկոցի անսարքության պատճառով։ Թափքի վրա առկա են խազված, քերծված, ներկածածկույթը թափված տեղեր։ Հակամառախուղային լապտերը բացակայում են։ Անվադողերը նորմալ վիճակ, սրահը՝ բավարար։',1250000,NULL,'2024-03-14 08:00:00','2024-03-24 19:15:00',8000,NULL),(81,16,'ԱՎՏՈՄԵՔԵՆԱ VAZ 21074-120-21.','Տեխնիկական անձնագրի համարը՝ KB858811, նույնացման համարը՝ JMBSNCB4ARU506509, շարժիչի հզորությունը՝ 112 Ձ.ՈՒ. / 82 ԿՎՏ։ Ավտոմեքենան գտնվում է վթարված վիճակում: Տրանսպորտային միջոցը տեղազնվել է ակնադիտական եղանակով: Տեղազննության օրվա դրությամբ շարժիչը չի գործադրվել մարտկոցի անսարքության պատճառով։ Թափքի վրա առկա են խազված, քերծված, ներկածածկույթը թափված տեղեր։ Հակամառախուղային լապտերը բացակայում են։ Անվադողերը նորմալ վիճակ, սրահը՝ բավարար։',450000,NULL,'2024-03-14 08:00:00','2024-03-24 19:15:00',2000,NULL),(82,17,'ԱՎՏՈՄԵՔԵՆԱ VAZ 21214.','Տեխնիկական անձնագրի համարը՝ KB858811, նույնացման համարը՝ JMBSNCB4ARU506509, շարժիչի հզորությունը՝ 112 Ձ.ՈՒ. / 82 ԿՎՏ։ Ավտոմեքենան գտնվում է վթարված վիճակում: Տրանսպորտային միջոցը տեղազնվել է ակնադիտական եղանակով: Տեղազննության օրվա դրությամբ շարժիչը չի գործադրվել մարտկոցի անսարքության պատճառով։ Թափքի վրա առկա են խազված, քերծված, ներկածածկույթը թափված տեղեր։ Հակամառախուղային լապտերը բացակայում են։ Անվադողերը նորմալ վիճակ, սրահը՝ բավարար։',450000,455000,'2024-03-14 08:00:00','2024-03-24 19:15:00',2000,NULL),(87,7,'Ավտոմեքենա KIA OPTIMA 2.5L','Տեխնիկական անձնագրի համարը՝ PB035655, նույնացման համարը՝ KNAFU4A22A5145516, շարժիչի հզորությունը՝ 156 Ձ.ՈՒ. / 115 ԿՎՏ։ Ավտոմեքենան գտնվում է վթարված վիճակում։ Զննման ընթացքում պարզվել է, որ վթարի հետևանքով վնասվել է ավտոմեքենայի առաջնամասը։ Ավերականգնելի վնասված և դոֆորմացված են՝ շարժիչի ծածկոցը, առջևի կայանարարը, աջ անվաթևի կեղտապաշտպանիչը, առջևի աջ և ետևի ձախ կողմի անվաթևերը, ետևի թափարգելը, ջերմափոխանակիչը, օդափոխիչը։ Առջևի լուսատու լապտերը, հակամառախուղային լապտերը, ճաղավանդակը կոտրված են։ Շարժիչը տեղաշարժված է, դիմահար ապակին՝ կոտրված։ Բանալին բացակայում է։',1250000,1263000,'2024-02-27 00:44:53','2024-03-25 00:00:00',12000,NULL),(88,8,'Ավտոմեքենա MERCEDES E250 2.5L','Տեխնիկական անձնագրի համարը՝ PB035655, նույնացման համարը՝ KNAFU4A22A5145516, շարժիչի հզորությունը՝ 156 Ձ.ՈՒ. / 115 ԿՎՏ։ Ավտոմեքենան գտնվում է վթարված վիճակում։ Զննման ընթացքում պարզվել է, որ վթարի հետևանքով վնասվել է ավտոմեքենայի առաջնամասը։ Ավերականգնելի վնասված և դոֆորմացված են՝ շարժիչի ծածկոցը, առջևի կայանարարը, աջ անվաթևի կեղտապաշտպանիչը, առջևի աջ և ետևի ձախ կողմի անվաթևերը, ետևի թափարգելը, ջերմափոխանակիչը, օդափոխիչը։ Առջևի լուսատու լապտերը, հակամառախուղային լապտերը, ճաղավանդակը կոտրված են։ Շարժիչը տեղաշարժված է, դիմահար ապակին՝ կոտրված։ Բանալին բացակայում է։',2550000,2870000,'2024-02-27 00:45:41','2024-03-25 00:00:00',18000,NULL),(89,9,'Ավտոմեքենա MERCEDES G500 5.0L','Տեխնիկական անձնագրի համարը՝ PB035655, նույնացման համարը՝ KNAFU4A22A5145516, շարժիչի հզորությունը՝ 156 Ձ.ՈՒ. / 115 ԿՎՏ։ Ավտոմեքենան գտնվում է վթարված վիճակում։ Զննման ընթացքում պարզվել է, որ վթարի հետևանքով վնասվել է ավտոմեքենայի առաջնամասը։ Ավերականգնելի վնասված և դոֆորմացված են՝ շարժիչի ծածկոցը, առջևի կայանարարը, աջ անվաթևի կեղտապաշտպանիչը, առջևի աջ և ետևի ձախ կողմի անվաթևերը, ետևի թափարգելը, ջերմափոխանակիչը, օդափոխիչը։ Առջևի լուսատու լապտերը, հակամառախուղային լապտերը, ճաղավանդակը կոտրված են։ Շարժիչը տեղաշարժված է, դիմահար ապակին՝ կոտրված։ Բանալին բացակայում է։',18000000,18053000,'2024-02-27 00:46:13','2024-03-25 00:00:00',25000,NULL),(90,10,'Ավտոմեքենա OPEL Astra G  1.6L','Տեխնիկական անձնագրի համարը՝ PB035655, նույնացման համարը՝ KNAFU4A22A5145516, շարժիչի հզորությունը՝ 156 Ձ.ՈՒ. / 115 ԿՎՏ։ Ավտոմեքենան գտնվում է վթարված վիճակում։ Զննման ընթացքում պարզվել է, որ վթարի հետևանքով վնասվել է ավտոմեքենայի առաջնամասը։ Ավերականգնելի վնասված և դոֆորմացված են՝ շարժիչի ծածկոցը, առջևի կայանարարը, աջ անվաթևի կեղտապաշտպանիչը, առջևի աջ և ետևի ձախ կողմի անվաթևերը, ետևի թափարգելը, ջերմափոխանակիչը, օդափոխիչը։ Առջևի լուսատու լապտերը, հակամառախուղային լապտերը, ճաղավանդակը կոտրված են։ Շարժիչը տեղաշարժված է, դիմահար ապակին՝ կոտրված։ Բանալին բացակայում է։',850000,865000,'2024-02-27 00:46:46','2024-03-25 00:00:00',5000,NULL),(91,11,'Ավտոմեքենա 3 SERIES  3.0L','Տեխնիկական անձնագրի համարը՝ PB035655, նույնացման համարը՝ KNAFU4A22A5145516, շարժիչի հզորությունը՝ 156 Ձ.ՈՒ. / 115 ԿՎՏ։ Ավտոմեքենան գտնվում է վթարված վիճակում։ Զննման ընթացքում պարզվել է, որ վթարի հետևանքով վնասվել է ավտոմեքենայի առաջնամասը։ Ավերականգնելի վնասված և դոֆորմացված են՝ շարժիչի ծածկոցը, առջևի կայանարարը, աջ անվաթևի կեղտապաշտպանիչը, առջևի աջ և ետևի ձախ կողմի անվաթևերը, ետևի թափարգելը, ջերմափոխանակիչը, օդափոխիչը։ Առջևի լուսատու լապտերը, հակամառախուղային լապտերը, ճաղավանդակը կոտրված են։ Շարժիչը տեղաշարժված է, դիմահար ապակին՝ կոտրված։ Բանալին բացակայում է։',2850000,2920000,'2024-02-27 00:47:11','2024-03-25 00:00:00',15000,NULL),(92,12,'ԱՎՏՈՄԵՔԵՆԱ NISSAN ALTIMA 1.8','Տեխնիկական անձնագրի համարը՝ SB072377, նույնացման համարը՝ 1N4AL21D38C249577, շարժիչի հզորությունը՝ 188 Ձ.ՈՒ. / 138 ԿՎՏ։ Տրանսպորտային միջոցը տեղազնվել է ակնադիտական եղանակով: Տեղազննության օրվա դրությամբ շարժիչը չի գործադրվել մարտկոցի անսարքության պատճառով։ Թափքի վրա առկա են խազված, քերծված, ներկածածկույթը թափված տեղեր։ Հակամառախուղային լապտերը բացակայում են։ Անվադողերը նորմալ վիճակ, սրահը՝ բավարար։',1212965,NULL,'2024-03-14 08:00:00','2024-03-29 09:15:00',5800,NULL),(93,13,'ԱՎՏՈՄԵՔԵՆԱ MITSUBISHI LANCER 1.6 C','Տեխնիկական անձնագրի համարը՝ KB858811, նույնացման համարը՝ JMBSNCB4ARU506509, շարժիչի հզորությունը՝ 112 Ձ.ՈՒ. / 82 ԿՎՏ։ Ավտոմեքենան գտնվում է վթարված վիճակում: Տրանսպորտային միջոցը տեղազնվել է ակնադիտական եղանակով: Տեղազննության օրվա դրությամբ շարժիչը չի գործադրվել մարտկոցի անսարքության պատճառով։ Թափքի վրա առկա են խազված, քերծված, ներկածածկույթը թափված տեղեր։ Հակամառախուղային լապտերը բացակայում են։ Անվադողերը նորմալ վիճակ, սրահը՝ բավարար։',1000965,NULL,'2024-03-14 08:00:00','2024-03-24 19:15:00',7500,NULL),(94,14,'ԱՎՏՈՄԵՔԵՆԱ SKODA FABIA 1.2','Տեխնիկական անձնագրի համարը՝ KB858811, նույնացման համարը՝ JMBSNCB4ARU506509, շարժիչի հզորությունը՝ 112 Ձ.ՈՒ. / 82 ԿՎՏ։ Ավտոմեքենան գտնվում է վթարված վիճակում: Տրանսպորտային միջոցը տեղազնվել է ակնադիտական եղանակով: Տեղազննության օրվա դրությամբ շարժիչը չի գործադրվել մարտկոցի անսարքության պատճառով։ Թափքի վրա առկա են խազված, քերծված, ներկածածկույթը թափված տեղեր։ Հակամառախուղային լապտերը բացակայում են։ Անվադողերը նորմալ վիճակ, սրահը՝ բավարար։',1500000,NULL,'2024-03-14 08:00:00','2024-03-24 19:15:00',8000,NULL),(95,15,'ԱՎՏՈՄԵՔԵՆԱ FORD COURIER 1.8 D','Տեխնիկական անձնագրի համարը՝ KB858811, նույնացման համարը՝ JMBSNCB4ARU506509, շարժիչի հզորությունը՝ 112 Ձ.ՈՒ. / 82 ԿՎՏ։ Ավտոմեքենան գտնվում է վթարված վիճակում: Տրանսպորտային միջոցը տեղազնվել է ակնադիտական եղանակով: Տեղազննության օրվա դրությամբ շարժիչը չի գործադրվել մարտկոցի անսարքության պատճառով։ Թափքի վրա առկա են խազված, քերծված, ներկածածկույթը թափված տեղեր։ Հակամառախուղային լապտերը բացակայում են։ Անվադողերը նորմալ վիճակ, սրահը՝ բավարար։',1250000,NULL,'2024-03-14 08:00:00','2024-03-24 19:15:00',8000,NULL),(96,16,'ԱՎՏՈՄԵՔԵՆԱ VAZ 21074-120-21.','Տեխնիկական անձնագրի համարը՝ KB858811, նույնացման համարը՝ JMBSNCB4ARU506509, շարժիչի հզորությունը՝ 112 Ձ.ՈՒ. / 82 ԿՎՏ։ Ավտոմեքենան գտնվում է վթարված վիճակում: Տրանսպորտային միջոցը տեղազնվել է ակնադիտական եղանակով: Տեղազննության օրվա դրությամբ շարժիչը չի գործադրվել մարտկոցի անսարքության պատճառով։ Թափքի վրա առկա են խազված, քերծված, ներկածածկույթը թափված տեղեր։ Հակամառախուղային լապտերը բացակայում են։ Անվադողերը նորմալ վիճակ, սրահը՝ բավարար։',450000,NULL,'2024-03-14 08:00:00','2024-03-24 19:15:00',2000,NULL),(97,17,'ԱՎՏՈՄԵՔԵՆԱ VAZ 21214.','Տեխնիկական անձնագրի համարը՝ KB858811, նույնացման համարը՝ JMBSNCB4ARU506509, շարժիչի հզորությունը՝ 112 Ձ.ՈՒ. / 82 ԿՎՏ։ Ավտոմեքենան գտնվում է վթարված վիճակում: Տրանսպորտային միջոցը տեղազնվել է ակնադիտական եղանակով: Տեղազննության օրվա դրությամբ շարժիչը չի գործադրվել մարտկոցի անսարքության պատճառով։ Թափքի վրա առկա են խազված, քերծված, ներկածածկույթը թափված տեղեր։ Հակամառախուղային լապտերը բացակայում են։ Անվադողերը նորմալ վիճակ, սրահը՝ բավարար։',450000,455000,'2024-03-14 08:00:00','2024-03-24 19:15:00',2000,NULL),(102,7,'Ավտոմեքենա KIA OPTIMA 2.5L','Տեխնիկական անձնագրի համարը՝ PB035655, նույնացման համարը՝ KNAFU4A22A5145516, շարժիչի հզորությունը՝ 156 Ձ.ՈՒ. / 115 ԿՎՏ։ Ավտոմեքենան գտնվում է վթարված վիճակում։ Զննման ընթացքում պարզվել է, որ վթարի հետևանքով վնասվել է ավտոմեքենայի առաջնամասը։ Ավերականգնելի վնասված և դոֆորմացված են՝ շարժիչի ծածկոցը, առջևի կայանարարը, աջ անվաթևի կեղտապաշտպանիչը, առջևի աջ և ետևի ձախ կողմի անվաթևերը, ետևի թափարգելը, ջերմափոխանակիչը, օդափոխիչը։ Առջևի լուսատու լապտերը, հակամառախուղային լապտերը, ճաղավանդակը կոտրված են։ Շարժիչը տեղաշարժված է, դիմահար ապակին՝ կոտրված։ Բանալին բացակայում է։',1250000,1263000,'2024-02-27 00:44:53','2024-03-25 00:00:00',12000,NULL),(103,8,'Ավտոմեքենա MERCEDES E250 2.5L','Տեխնիկական անձնագրի համարը՝ PB035655, նույնացման համարը՝ KNAFU4A22A5145516, շարժիչի հզորությունը՝ 156 Ձ.ՈՒ. / 115 ԿՎՏ։ Ավտոմեքենան գտնվում է վթարված վիճակում։ Զննման ընթացքում պարզվել է, որ վթարի հետևանքով վնասվել է ավտոմեքենայի առաջնամասը։ Ավերականգնելի վնասված և դոֆորմացված են՝ շարժիչի ծածկոցը, առջևի կայանարարը, աջ անվաթևի կեղտապաշտպանիչը, առջևի աջ և ետևի ձախ կողմի անվաթևերը, ետևի թափարգելը, ջերմափոխանակիչը, օդափոխիչը։ Առջևի լուսատու լապտերը, հակամառախուղային լապտերը, ճաղավանդակը կոտրված են։ Շարժիչը տեղաշարժված է, դիմահար ապակին՝ կոտրված։ Բանալին բացակայում է։',2550000,2870000,'2024-02-27 00:45:41','2024-03-25 00:00:00',18000,NULL),(104,9,'Ավտոմեքենա MERCEDES G500 5.0L','Տեխնիկական անձնագրի համարը՝ PB035655, նույնացման համարը՝ KNAFU4A22A5145516, շարժիչի հզորությունը՝ 156 Ձ.ՈՒ. / 115 ԿՎՏ։ Ավտոմեքենան գտնվում է վթարված վիճակում։ Զննման ընթացքում պարզվել է, որ վթարի հետևանքով վնասվել է ավտոմեքենայի առաջնամասը։ Ավերականգնելի վնասված և դոֆորմացված են՝ շարժիչի ծածկոցը, առջևի կայանարարը, աջ անվաթևի կեղտապաշտպանիչը, առջևի աջ և ետևի ձախ կողմի անվաթևերը, ետևի թափարգելը, ջերմափոխանակիչը, օդափոխիչը։ Առջևի լուսատու լապտերը, հակամառախուղային լապտերը, ճաղավանդակը կոտրված են։ Շարժիչը տեղաշարժված է, դիմահար ապակին՝ կոտրված։ Բանալին բացակայում է։',18000000,18053000,'2024-02-27 00:46:13','2024-03-25 00:00:00',25000,NULL),(105,10,'Ավտոմեքենա OPEL Astra G  1.6L','Տեխնիկական անձնագրի համարը՝ PB035655, նույնացման համարը՝ KNAFU4A22A5145516, շարժիչի հզորությունը՝ 156 Ձ.ՈՒ. / 115 ԿՎՏ։ Ավտոմեքենան գտնվում է վթարված վիճակում։ Զննման ընթացքում պարզվել է, որ վթարի հետևանքով վնասվել է ավտոմեքենայի առաջնամասը։ Ավերականգնելի վնասված և դոֆորմացված են՝ շարժիչի ծածկոցը, առջևի կայանարարը, աջ անվաթևի կեղտապաշտպանիչը, առջևի աջ և ետևի ձախ կողմի անվաթևերը, ետևի թափարգելը, ջերմափոխանակիչը, օդափոխիչը։ Առջևի լուսատու լապտերը, հակամառախուղային լապտերը, ճաղավանդակը կոտրված են։ Շարժիչը տեղաշարժված է, դիմահար ապակին՝ կոտրված։ Բանալին բացակայում է։',850000,865000,'2024-02-27 00:46:46','2024-03-25 00:00:00',5000,NULL),(106,11,'Ավտոմեքենա 3 SERIES  3.0L','Տեխնիկական անձնագրի համարը՝ PB035655, նույնացման համարը՝ KNAFU4A22A5145516, շարժիչի հզորությունը՝ 156 Ձ.ՈՒ. / 115 ԿՎՏ։ Ավտոմեքենան գտնվում է վթարված վիճակում։ Զննման ընթացքում պարզվել է, որ վթարի հետևանքով վնասվել է ավտոմեքենայի առաջնամասը։ Ավերականգնելի վնասված և դոֆորմացված են՝ շարժիչի ծածկոցը, առջևի կայանարարը, աջ անվաթևի կեղտապաշտպանիչը, առջևի աջ և ետևի ձախ կողմի անվաթևերը, ետևի թափարգելը, ջերմափոխանակիչը, օդափոխիչը։ Առջևի լուսատու լապտերը, հակամառախուղային լապտերը, ճաղավանդակը կոտրված են։ Շարժիչը տեղաշարժված է, դիմահար ապակին՝ կոտրված։ Բանալին բացակայում է։',2850000,2920000,'2024-02-27 00:47:11','2024-03-25 00:00:00',15000,NULL),(107,12,'ԱՎՏՈՄԵՔԵՆԱ NISSAN ALTIMA 1.8','Տեխնիկական անձնագրի համարը՝ SB072377, նույնացման համարը՝ 1N4AL21D38C249577, շարժիչի հզորությունը՝ 188 Ձ.ՈՒ. / 138 ԿՎՏ։ Տրանսպորտային միջոցը տեղազնվել է ակնադիտական եղանակով: Տեղազննության օրվա դրությամբ շարժիչը չի գործադրվել մարտկոցի անսարքության պատճառով։ Թափքի վրա առկա են խազված, քերծված, ներկածածկույթը թափված տեղեր։ Հակամառախուղային լապտերը բացակայում են։ Անվադողերը նորմալ վիճակ, սրահը՝ բավարար։',1212965,NULL,'2024-03-14 08:00:00','2024-03-29 09:15:00',5800,NULL),(108,13,'ԱՎՏՈՄԵՔԵՆԱ MITSUBISHI LANCER 1.6 C','Տեխնիկական անձնագրի համարը՝ KB858811, նույնացման համարը՝ JMBSNCB4ARU506509, շարժիչի հզորությունը՝ 112 Ձ.ՈՒ. / 82 ԿՎՏ։ Ավտոմեքենան գտնվում է վթարված վիճակում: Տրանսպորտային միջոցը տեղազնվել է ակնադիտական եղանակով: Տեղազննության օրվա դրությամբ շարժիչը չի գործադրվել մարտկոցի անսարքության պատճառով։ Թափքի վրա առկա են խազված, քերծված, ներկածածկույթը թափված տեղեր։ Հակամառախուղային լապտերը բացակայում են։ Անվադողերը նորմալ վիճակ, սրահը՝ բավարար։',1000965,NULL,'2024-03-14 08:00:00','2024-03-24 19:15:00',7500,NULL),(109,14,'ԱՎՏՈՄԵՔԵՆԱ SKODA FABIA 1.2','Տեխնիկական անձնագրի համարը՝ KB858811, նույնացման համարը՝ JMBSNCB4ARU506509, շարժիչի հզորությունը՝ 112 Ձ.ՈՒ. / 82 ԿՎՏ։ Ավտոմեքենան գտնվում է վթարված վիճակում: Տրանսպորտային միջոցը տեղազնվել է ակնադիտական եղանակով: Տեղազննության օրվա դրությամբ շարժիչը չի գործադրվել մարտկոցի անսարքության պատճառով։ Թափքի վրա առկա են խազված, քերծված, ներկածածկույթը թափված տեղեր։ Հակամառախուղային լապտերը բացակայում են։ Անվադողերը նորմալ վիճակ, սրահը՝ բավարար։',1500000,NULL,'2024-03-14 08:00:00','2024-03-24 19:15:00',8000,NULL),(110,15,'ԱՎՏՈՄԵՔԵՆԱ FORD COURIER 1.8 D','Տեխնիկական անձնագրի համարը՝ KB858811, նույնացման համարը՝ JMBSNCB4ARU506509, շարժիչի հզորությունը՝ 112 Ձ.ՈՒ. / 82 ԿՎՏ։ Ավտոմեքենան գտնվում է վթարված վիճակում: Տրանսպորտային միջոցը տեղազնվել է ակնադիտական եղանակով: Տեղազննության օրվա դրությամբ շարժիչը չի գործադրվել մարտկոցի անսարքության պատճառով։ Թափքի վրա առկա են խազված, քերծված, ներկածածկույթը թափված տեղեր։ Հակամառախուղային լապտերը բացակայում են։ Անվադողերը նորմալ վիճակ, սրահը՝ բավարար։',1250000,NULL,'2024-03-14 08:00:00','2024-03-24 19:15:00',8000,NULL),(111,16,'ԱՎՏՈՄԵՔԵՆԱ VAZ 21074-120-21.','Տեխնիկական անձնագրի համարը՝ KB858811, նույնացման համարը՝ JMBSNCB4ARU506509, շարժիչի հզորությունը՝ 112 Ձ.ՈՒ. / 82 ԿՎՏ։ Ավտոմեքենան գտնվում է վթարված վիճակում: Տրանսպորտային միջոցը տեղազնվել է ակնադիտական եղանակով: Տեղազննության օրվա դրությամբ շարժիչը չի գործադրվել մարտկոցի անսարքության պատճառով։ Թափքի վրա առկա են խազված, քերծված, ներկածածկույթը թափված տեղեր։ Հակամառախուղային լապտերը բացակայում են։ Անվադողերը նորմալ վիճակ, սրահը՝ բավարար։',450000,NULL,'2024-03-14 08:00:00','2024-03-24 19:15:00',2000,NULL),(112,17,'ԱՎՏՈՄԵՔԵՆԱ VAZ 21214.','Տեխնիկական անձնագրի համարը՝ KB858811, նույնացման համարը՝ JMBSNCB4ARU506509, շարժիչի հզորությունը՝ 112 Ձ.ՈՒ. / 82 ԿՎՏ։ Ավտոմեքենան գտնվում է վթարված վիճակում: Տրանսպորտային միջոցը տեղազնվել է ակնադիտական եղանակով: Տեղազննության օրվա դրությամբ շարժիչը չի գործադրվել մարտկոցի անսարքության պատճառով։ Թափքի վրա առկա են խազված, քերծված, ներկածածկույթը թափված տեղեր։ Հակամառախուղային լապտերը բացակայում են։ Անվադողերը նորմալ վիճակ, սրահը՝ բավարար։',450000,455000,'2024-03-14 08:00:00','2024-03-24 19:15:00',2000,NULL),(113,7,'Ավտոմեքենա KIA OPTIMA 2.5L','Տեխնիկական անձնագրի համարը՝ PB035655, նույնացման համարը՝ KNAFU4A22A5145516, շարժիչի հզորությունը՝ 156 Ձ.ՈՒ. / 115 ԿՎՏ։ Ավտոմեքենան գտնվում է վթարված վիճակում։ Զննման ընթացքում պարզվել է, որ վթարի հետևանքով վնասվել է ավտոմեքենայի առաջնամասը։ Ավերականգնելի վնասված և դոֆորմացված են՝ շարժիչի ծածկոցը, առջևի կայանարարը, աջ անվաթևի կեղտապաշտպանիչը, առջևի աջ և ետևի ձախ կողմի անվաթևերը, ետևի թափարգելը, ջերմափոխանակիչը, օդափոխիչը։ Առջևի լուսատու լապտերը, հակամառախուղային լապտերը, ճաղավանդակը կոտրված են։ Շարժիչը տեղաշարժված է, դիմահար ապակին՝ կոտրված։ Բանալին բացակայում է։',1250000,1263000,'2024-02-27 00:44:53','2024-03-25 00:00:00',12000,NULL),(114,8,'Ավտոմեքենա MERCEDES E250 2.5L','Տեխնիկական անձնագրի համարը՝ PB035655, նույնացման համարը՝ KNAFU4A22A5145516, շարժիչի հզորությունը՝ 156 Ձ.ՈՒ. / 115 ԿՎՏ։ Ավտոմեքենան գտնվում է վթարված վիճակում։ Զննման ընթացքում պարզվել է, որ վթարի հետևանքով վնասվել է ավտոմեքենայի առաջնամասը։ Ավերականգնելի վնասված և դոֆորմացված են՝ շարժիչի ծածկոցը, առջևի կայանարարը, աջ անվաթևի կեղտապաշտպանիչը, առջևի աջ և ետևի ձախ կողմի անվաթևերը, ետևի թափարգելը, ջերմափոխանակիչը, օդափոխիչը։ Առջևի լուսատու լապտերը, հակամառախուղային լապտերը, ճաղավանդակը կոտրված են։ Շարժիչը տեղաշարժված է, դիմահար ապակին՝ կոտրված։ Բանալին բացակայում է։',2550000,2870000,'2024-02-27 00:45:41','2024-03-25 00:00:00',18000,NULL),(115,9,'Ավտոմեքենա MERCEDES G500 5.0L','Տեխնիկական անձնագրի համարը՝ PB035655, նույնացման համարը՝ KNAFU4A22A5145516, շարժիչի հզորությունը՝ 156 Ձ.ՈՒ. / 115 ԿՎՏ։ Ավտոմեքենան գտնվում է վթարված վիճակում։ Զննման ընթացքում պարզվել է, որ վթարի հետևանքով վնասվել է ավտոմեքենայի առաջնամասը։ Ավերականգնելի վնասված և դոֆորմացված են՝ շարժիչի ծածկոցը, առջևի կայանարարը, աջ անվաթևի կեղտապաշտպանիչը, առջևի աջ և ետևի ձախ կողմի անվաթևերը, ետևի թափարգելը, ջերմափոխանակիչը, օդափոխիչը։ Առջևի լուսատու լապտերը, հակամառախուղային լապտերը, ճաղավանդակը կոտրված են։ Շարժիչը տեղաշարժված է, դիմահար ապակին՝ կոտրված։ Բանալին բացակայում է։',18000000,18053000,'2024-02-27 00:46:13','2024-03-25 00:00:00',25000,NULL),(116,10,'Ավտոմեքենա OPEL Astra G  1.6L','Տեխնիկական անձնագրի համարը՝ PB035655, նույնացման համարը՝ KNAFU4A22A5145516, շարժիչի հզորությունը՝ 156 Ձ.ՈՒ. / 115 ԿՎՏ։ Ավտոմեքենան գտնվում է վթարված վիճակում։ Զննման ընթացքում պարզվել է, որ վթարի հետևանքով վնասվել է ավտոմեքենայի առաջնամասը։ Ավերականգնելի վնասված և դոֆորմացված են՝ շարժիչի ծածկոցը, առջևի կայանարարը, աջ անվաթևի կեղտապաշտպանիչը, առջևի աջ և ետևի ձախ կողմի անվաթևերը, ետևի թափարգելը, ջերմափոխանակիչը, օդափոխիչը։ Առջևի լուսատու լապտերը, հակամառախուղային լապտերը, ճաղավանդակը կոտրված են։ Շարժիչը տեղաշարժված է, դիմահար ապակին՝ կոտրված։ Բանալին բացակայում է։',850000,865000,'2024-02-27 00:46:46','2024-03-25 00:00:00',5000,NULL),(117,11,'Ավտոմեքենա 3 SERIES  3.0L','Տեխնիկական անձնագրի համարը՝ PB035655, նույնացման համարը՝ KNAFU4A22A5145516, շարժիչի հզորությունը՝ 156 Ձ.ՈՒ. / 115 ԿՎՏ։ Ավտոմեքենան գտնվում է վթարված վիճակում։ Զննման ընթացքում պարզվել է, որ վթարի հետևանքով վնասվել է ավտոմեքենայի առաջնամասը։ Ավերականգնելի վնասված և դոֆորմացված են՝ շարժիչի ծածկոցը, առջևի կայանարարը, աջ անվաթևի կեղտապաշտպանիչը, առջևի աջ և ետևի ձախ կողմի անվաթևերը, ետևի թափարգելը, ջերմափոխանակիչը, օդափոխիչը։ Առջևի լուսատու լապտերը, հակամառախուղային լապտերը, ճաղավանդակը կոտրված են։ Շարժիչը տեղաշարժված է, դիմահար ապակին՝ կոտրված։ Բանալին բացակայում է։',2850000,2920000,'2024-02-27 00:47:11','2024-03-25 00:00:00',15000,NULL),(118,12,'ԱՎՏՈՄԵՔԵՆԱ NISSAN ALTIMA 1.8','Տեխնիկական անձնագրի համարը՝ SB072377, նույնացման համարը՝ 1N4AL21D38C249577, շարժիչի հզորությունը՝ 188 Ձ.ՈՒ. / 138 ԿՎՏ։ Տրանսպորտային միջոցը տեղազնվել է ակնադիտական եղանակով: Տեղազննության օրվա դրությամբ շարժիչը չի գործադրվել մարտկոցի անսարքության պատճառով։ Թափքի վրա առկա են խազված, քերծված, ներկածածկույթը թափված տեղեր։ Հակամառախուղային լապտերը բացակայում են։ Անվադողերը նորմալ վիճակ, սրահը՝ բավարար։',1212965,NULL,'2024-03-14 08:00:00','2024-03-29 09:15:00',5800,NULL),(119,13,'ԱՎՏՈՄԵՔԵՆԱ MITSUBISHI LANCER 1.6 C','Տեխնիկական անձնագրի համարը՝ KB858811, նույնացման համարը՝ JMBSNCB4ARU506509, շարժիչի հզորությունը՝ 112 Ձ.ՈՒ. / 82 ԿՎՏ։ Ավտոմեքենան գտնվում է վթարված վիճակում: Տրանսպորտային միջոցը տեղազնվել է ակնադիտական եղանակով: Տեղազննության օրվա դրությամբ շարժիչը չի գործադրվել մարտկոցի անսարքության պատճառով։ Թափքի վրա առկա են խազված, քերծված, ներկածածկույթը թափված տեղեր։ Հակամառախուղային լապտերը բացակայում են։ Անվադողերը նորմալ վիճակ, սրահը՝ բավարար։',1000965,NULL,'2024-03-14 08:00:00','2024-03-24 19:15:00',7500,NULL),(120,14,'ԱՎՏՈՄԵՔԵՆԱ SKODA FABIA 1.2','Տեխնիկական անձնագրի համարը՝ KB858811, նույնացման համարը՝ JMBSNCB4ARU506509, շարժիչի հզորությունը՝ 112 Ձ.ՈՒ. / 82 ԿՎՏ։ Ավտոմեքենան գտնվում է վթարված վիճակում: Տրանսպորտային միջոցը տեղազնվել է ակնադիտական եղանակով: Տեղազննության օրվա դրությամբ շարժիչը չի գործադրվել մարտկոցի անսարքության պատճառով։ Թափքի վրա առկա են խազված, քերծված, ներկածածկույթը թափված տեղեր։ Հակամառախուղային լապտերը բացակայում են։ Անվադողերը նորմալ վիճակ, սրահը՝ բավարար։',1500000,NULL,'2024-03-14 08:00:00','2024-03-24 19:15:00',8000,NULL),(121,15,'ԱՎՏՈՄԵՔԵՆԱ FORD COURIER 1.8 D','Տեխնիկական անձնագրի համարը՝ KB858811, նույնացման համարը՝ JMBSNCB4ARU506509, շարժիչի հզորությունը՝ 112 Ձ.ՈՒ. / 82 ԿՎՏ։ Ավտոմեքենան գտնվում է վթարված վիճակում: Տրանսպորտային միջոցը տեղազնվել է ակնադիտական եղանակով: Տեղազննության օրվա դրությամբ շարժիչը չի գործադրվել մարտկոցի անսարքության պատճառով։ Թափքի վրա առկա են խազված, քերծված, ներկածածկույթը թափված տեղեր։ Հակամառախուղային լապտերը բացակայում են։ Անվադողերը նորմալ վիճակ, սրահը՝ բավարար։',1250000,NULL,'2024-03-14 08:00:00','2024-03-24 19:15:00',8000,NULL),(122,16,'ԱՎՏՈՄԵՔԵՆԱ VAZ 21074-120-21.','Տեխնիկական անձնագրի համարը՝ KB858811, նույնացման համարը՝ JMBSNCB4ARU506509, շարժիչի հզորությունը՝ 112 Ձ.ՈՒ. / 82 ԿՎՏ։ Ավտոմեքենան գտնվում է վթարված վիճակում: Տրանսպորտային միջոցը տեղազնվել է ակնադիտական եղանակով: Տեղազննության օրվա դրությամբ շարժիչը չի գործադրվել մարտկոցի անսարքության պատճառով։ Թափքի վրա առկա են խազված, քերծված, ներկածածկույթը թափված տեղեր։ Հակամառախուղային լապտերը բացակայում են։ Անվադողերը նորմալ վիճակ, սրահը՝ բավարար։',450000,NULL,'2024-03-14 08:00:00','2024-03-24 19:15:00',2000,NULL),(123,17,'ԱՎՏՈՄԵՔԵՆԱ VAZ 21214.','Տեխնիկական անձնագրի համարը՝ KB858811, նույնացման համարը՝ JMBSNCB4ARU506509, շարժիչի հզորությունը՝ 112 Ձ.ՈՒ. / 82 ԿՎՏ։ Ավտոմեքենան գտնվում է վթարված վիճակում: Տրանսպորտային միջոցը տեղազնվել է ակնադիտական եղանակով: Տեղազննության օրվա դրությամբ շարժիչը չի գործադրվել մարտկոցի անսարքության պատճառով։ Թափքի վրա առկա են խազված, քերծված, ներկածածկույթը թափված տեղեր։ Հակամառախուղային լապտերը բացակայում են։ Անվադողերը նորմալ վիճակ, սրահը՝ բավարար։',450000,455000,'2024-03-14 08:00:00','2024-03-24 19:15:00',2000,NULL),(128,7,'Ավտոմեքենա KIA OPTIMA 2.5L','Տեխնիկական անձնագրի համարը՝ PB035655, նույնացման համարը՝ KNAFU4A22A5145516, շարժիչի հզորությունը՝ 156 Ձ.ՈՒ. / 115 ԿՎՏ։ Ավտոմեքենան գտնվում է վթարված վիճակում։ Զննման ընթացքում պարզվել է, որ վթարի հետևանքով վնասվել է ավտոմեքենայի առաջնամասը։ Ավերականգնելի վնասված և դոֆորմացված են՝ շարժիչի ծածկոցը, առջևի կայանարարը, աջ անվաթևի կեղտապաշտպանիչը, առջևի աջ և ետևի ձախ կողմի անվաթևերը, ետևի թափարգելը, ջերմափոխանակիչը, օդափոխիչը։ Առջևի լուսատու լապտերը, հակամառախուղային լապտերը, ճաղավանդակը կոտրված են։ Շարժիչը տեղաշարժված է, դիմահար ապակին՝ կոտրված։ Բանալին բացակայում է։',1250000,1263000,'2024-02-27 00:44:53','2024-03-25 00:00:00',12000,NULL),(129,8,'Ավտոմեքենա MERCEDES E250 2.5L','Տեխնիկական անձնագրի համարը՝ PB035655, նույնացման համարը՝ KNAFU4A22A5145516, շարժիչի հզորությունը՝ 156 Ձ.ՈՒ. / 115 ԿՎՏ։ Ավտոմեքենան գտնվում է վթարված վիճակում։ Զննման ընթացքում պարզվել է, որ վթարի հետևանքով վնասվել է ավտոմեքենայի առաջնամասը։ Ավերականգնելի վնասված և դոֆորմացված են՝ շարժիչի ծածկոցը, առջևի կայանարարը, աջ անվաթևի կեղտապաշտպանիչը, առջևի աջ և ետևի ձախ կողմի անվաթևերը, ետևի թափարգելը, ջերմափոխանակիչը, օդափոխիչը։ Առջևի լուսատու լապտերը, հակամառախուղային լապտերը, ճաղավանդակը կոտրված են։ Շարժիչը տեղաշարժված է, դիմահար ապակին՝ կոտրված։ Բանալին բացակայում է։',2550000,2870000,'2024-02-27 00:45:41','2024-03-25 00:00:00',18000,NULL),(130,9,'Ավտոմեքենա MERCEDES G500 5.0L','Տեխնիկական անձնագրի համարը՝ PB035655, նույնացման համարը՝ KNAFU4A22A5145516, շարժիչի հզորությունը՝ 156 Ձ.ՈՒ. / 115 ԿՎՏ։ Ավտոմեքենան գտնվում է վթարված վիճակում։ Զննման ընթացքում պարզվել է, որ վթարի հետևանքով վնասվել է ավտոմեքենայի առաջնամասը։ Ավերականգնելի վնասված և դոֆորմացված են՝ շարժիչի ծածկոցը, առջևի կայանարարը, աջ անվաթևի կեղտապաշտպանիչը, առջևի աջ և ետևի ձախ կողմի անվաթևերը, ետևի թափարգելը, ջերմափոխանակիչը, օդափոխիչը։ Առջևի լուսատու լապտերը, հակամառախուղային լապտերը, ճաղավանդակը կոտրված են։ Շարժիչը տեղաշարժված է, դիմահար ապակին՝ կոտրված։ Բանալին բացակայում է։',18000000,18053000,'2024-02-27 00:46:13','2024-03-25 00:00:00',25000,NULL),(131,10,'Ավտոմեքենա OPEL Astra G  1.6L','Տեխնիկական անձնագրի համարը՝ PB035655, նույնացման համարը՝ KNAFU4A22A5145516, շարժիչի հզորությունը՝ 156 Ձ.ՈՒ. / 115 ԿՎՏ։ Ավտոմեքենան գտնվում է վթարված վիճակում։ Զննման ընթացքում պարզվել է, որ վթարի հետևանքով վնասվել է ավտոմեքենայի առաջնամասը։ Ավերականգնելի վնասված և դոֆորմացված են՝ շարժիչի ծածկոցը, առջևի կայանարարը, աջ անվաթևի կեղտապաշտպանիչը, առջևի աջ և ետևի ձախ կողմի անվաթևերը, ետևի թափարգելը, ջերմափոխանակիչը, օդափոխիչը։ Առջևի լուսատու լապտերը, հակամառախուղային լապտերը, ճաղավանդակը կոտրված են։ Շարժիչը տեղաշարժված է, դիմահար ապակին՝ կոտրված։ Բանալին բացակայում է։',850000,865000,'2024-02-27 00:46:46','2024-03-25 00:00:00',5000,NULL),(132,11,'Ավտոմեքենա 3 SERIES  3.0L','Տեխնիկական անձնագրի համարը՝ PB035655, նույնացման համարը՝ KNAFU4A22A5145516, շարժիչի հզորությունը՝ 156 Ձ.ՈՒ. / 115 ԿՎՏ։ Ավտոմեքենան գտնվում է վթարված վիճակում։ Զննման ընթացքում պարզվել է, որ վթարի հետևանքով վնասվել է ավտոմեքենայի առաջնամասը։ Ավերականգնելի վնասված և դոֆորմացված են՝ շարժիչի ծածկոցը, առջևի կայանարարը, աջ անվաթևի կեղտապաշտպանիչը, առջևի աջ և ետևի ձախ կողմի անվաթևերը, ետևի թափարգելը, ջերմափոխանակիչը, օդափոխիչը։ Առջևի լուսատու լապտերը, հակամառախուղային լապտերը, ճաղավանդակը կոտրված են։ Շարժիչը տեղաշարժված է, դիմահար ապակին՝ կոտրված։ Բանալին բացակայում է։',2850000,2920000,'2024-02-27 00:47:11','2024-03-25 00:00:00',15000,NULL),(133,12,'ԱՎՏՈՄԵՔԵՆԱ NISSAN ALTIMA 1.8','Տեխնիկական անձնագրի համարը՝ SB072377, նույնացման համարը՝ 1N4AL21D38C249577, շարժիչի հզորությունը՝ 188 Ձ.ՈՒ. / 138 ԿՎՏ։ Տրանսպորտային միջոցը տեղազնվել է ակնադիտական եղանակով: Տեղազննության օրվա դրությամբ շարժիչը չի գործադրվել մարտկոցի անսարքության պատճառով։ Թափքի վրա առկա են խազված, քերծված, ներկածածկույթը թափված տեղեր։ Հակամառախուղային լապտերը բացակայում են։ Անվադողերը նորմալ վիճակ, սրահը՝ բավարար։',1212965,NULL,'2024-03-14 08:00:00','2024-03-29 09:15:00',5800,NULL),(134,13,'ԱՎՏՈՄԵՔԵՆԱ MITSUBISHI LANCER 1.6 C','Տեխնիկական անձնագրի համարը՝ KB858811, նույնացման համարը՝ JMBSNCB4ARU506509, շարժիչի հզորությունը՝ 112 Ձ.ՈՒ. / 82 ԿՎՏ։ Ավտոմեքենան գտնվում է վթարված վիճակում: Տրանսպորտային միջոցը տեղազնվել է ակնադիտական եղանակով: Տեղազննության օրվա դրությամբ շարժիչը չի գործադրվել մարտկոցի անսարքության պատճառով։ Թափքի վրա առկա են խազված, քերծված, ներկածածկույթը թափված տեղեր։ Հակամառախուղային լապտերը բացակայում են։ Անվադողերը նորմալ վիճակ, սրահը՝ բավարար։',1000965,NULL,'2024-03-14 08:00:00','2024-03-24 19:15:00',7500,NULL),(135,14,'ԱՎՏՈՄԵՔԵՆԱ SKODA FABIA 1.2','Տեխնիկական անձնագրի համարը՝ KB858811, նույնացման համարը՝ JMBSNCB4ARU506509, շարժիչի հզորությունը՝ 112 Ձ.ՈՒ. / 82 ԿՎՏ։ Ավտոմեքենան գտնվում է վթարված վիճակում: Տրանսպորտային միջոցը տեղազնվել է ակնադիտական եղանակով: Տեղազննության օրվա դրությամբ շարժիչը չի գործադրվել մարտկոցի անսարքության պատճառով։ Թափքի վրա առկա են խազված, քերծված, ներկածածկույթը թափված տեղեր։ Հակամառախուղային լապտերը բացակայում են։ Անվադողերը նորմալ վիճակ, սրահը՝ բավարար։',1500000,NULL,'2024-03-14 08:00:00','2024-03-24 19:15:00',8000,NULL),(136,15,'ԱՎՏՈՄԵՔԵՆԱ FORD COURIER 1.8 D','Տեխնիկական անձնագրի համարը՝ KB858811, նույնացման համարը՝ JMBSNCB4ARU506509, շարժիչի հզորությունը՝ 112 Ձ.ՈՒ. / 82 ԿՎՏ։ Ավտոմեքենան գտնվում է վթարված վիճակում: Տրանսպորտային միջոցը տեղազնվել է ակնադիտական եղանակով: Տեղազննության օրվա դրությամբ շարժիչը չի գործադրվել մարտկոցի անսարքության պատճառով։ Թափքի վրա առկա են խազված, քերծված, ներկածածկույթը թափված տեղեր։ Հակամառախուղային լապտերը բացակայում են։ Անվադողերը նորմալ վիճակ, սրահը՝ բավարար։',1250000,NULL,'2024-03-14 08:00:00','2024-03-24 19:15:00',8000,NULL),(137,16,'ԱՎՏՈՄԵՔԵՆԱ VAZ 21074-120-21.','Տեխնիկական անձնագրի համարը՝ KB858811, նույնացման համարը՝ JMBSNCB4ARU506509, շարժիչի հզորությունը՝ 112 Ձ.ՈՒ. / 82 ԿՎՏ։ Ավտոմեքենան գտնվում է վթարված վիճակում: Տրանսպորտային միջոցը տեղազնվել է ակնադիտական եղանակով: Տեղազննության օրվա դրությամբ շարժիչը չի գործադրվել մարտկոցի անսարքության պատճառով։ Թափքի վրա առկա են խազված, քերծված, ներկածածկույթը թափված տեղեր։ Հակամառախուղային լապտերը բացակայում են։ Անվադողերը նորմալ վիճակ, սրահը՝ բավարար։',450000,NULL,'2024-03-14 08:00:00','2024-03-24 19:15:00',2000,NULL),(138,17,'ԱՎՏՈՄԵՔԵՆԱ VAZ 21214.','Տեխնիկական անձնագրի համարը՝ KB858811, նույնացման համարը՝ JMBSNCB4ARU506509, շարժիչի հզորությունը՝ 112 Ձ.ՈՒ. / 82 ԿՎՏ։ Ավտոմեքենան գտնվում է վթարված վիճակում: Տրանսպորտային միջոցը տեղազնվել է ակնադիտական եղանակով: Տեղազննության օրվա դրությամբ շարժիչը չի գործադրվել մարտկոցի անսարքության պատճառով։ Թափքի վրա առկա են խազված, քերծված, ներկածածկույթը թափված տեղեր։ Հակամառախուղային լապտերը բացակայում են։ Անվադողերը նորմալ վիճակ, սրահը՝ բավարար։',450000,455000,'2024-03-14 08:00:00','2024-03-24 19:15:00',2000,NULL),(143,7,'Ավտոմեքենա KIA OPTIMA 2.5L','Տեխնիկական անձնագրի համարը՝ PB035655, նույնացման համարը՝ KNAFU4A22A5145516, շարժիչի հզորությունը՝ 156 Ձ.ՈՒ. / 115 ԿՎՏ։ Ավտոմեքենան գտնվում է վթարված վիճակում։ Զննման ընթացքում պարզվել է, որ վթարի հետևանքով վնասվել է ավտոմեքենայի առաջնամասը։ Ավերականգնելի վնասված և դոֆորմացված են՝ շարժիչի ծածկոցը, առջևի կայանարարը, աջ անվաթևի կեղտապաշտպանիչը, առջևի աջ և ետևի ձախ կողմի անվաթևերը, ետևի թափարգելը, ջերմափոխանակիչը, օդափոխիչը։ Առջևի լուսատու լապտերը, հակամառախուղային լապտերը, ճաղավանդակը կոտրված են։ Շարժիչը տեղաշարժված է, դիմահար ապակին՝ կոտրված։ Բանալին բացակայում է։',1250000,1263000,'2024-02-27 00:44:53','2024-03-25 00:00:00',12000,NULL),(144,8,'Ավտոմեքենա MERCEDES E250 2.5L','Տեխնիկական անձնագրի համարը՝ PB035655, նույնացման համարը՝ KNAFU4A22A5145516, շարժիչի հզորությունը՝ 156 Ձ.ՈՒ. / 115 ԿՎՏ։ Ավտոմեքենան գտնվում է վթարված վիճակում։ Զննման ընթացքում պարզվել է, որ վթարի հետևանքով վնասվել է ավտոմեքենայի առաջնամասը։ Ավերականգնելի վնասված և դոֆորմացված են՝ շարժիչի ծածկոցը, առջևի կայանարարը, աջ անվաթևի կեղտապաշտպանիչը, առջևի աջ և ետևի ձախ կողմի անվաթևերը, ետևի թափարգելը, ջերմափոխանակիչը, օդափոխիչը։ Առջևի լուսատու լապտերը, հակամառախուղային լապտերը, ճաղավանդակը կոտրված են։ Շարժիչը տեղաշարժված է, դիմահար ապակին՝ կոտրված։ Բանալին բացակայում է։',2550000,2870000,'2024-02-27 00:45:41','2024-03-25 00:00:00',18000,NULL),(145,9,'Ավտոմեքենա MERCEDES G500 5.0L','Տեխնիկական անձնագրի համարը՝ PB035655, նույնացման համարը՝ KNAFU4A22A5145516, շարժիչի հզորությունը՝ 156 Ձ.ՈՒ. / 115 ԿՎՏ։ Ավտոմեքենան գտնվում է վթարված վիճակում։ Զննման ընթացքում պարզվել է, որ վթարի հետևանքով վնասվել է ավտոմեքենայի առաջնամասը։ Ավերականգնելի վնասված և դոֆորմացված են՝ շարժիչի ծածկոցը, առջևի կայանարարը, աջ անվաթևի կեղտապաշտպանիչը, առջևի աջ և ետևի ձախ կողմի անվաթևերը, ետևի թափարգելը, ջերմափոխանակիչը, օդափոխիչը։ Առջևի լուսատու լապտերը, հակամառախուղային լապտերը, ճաղավանդակը կոտրված են։ Շարժիչը տեղաշարժված է, դիմահար ապակին՝ կոտրված։ Բանալին բացակայում է։',18000000,18053000,'2024-02-27 00:46:13','2024-03-25 00:00:00',25000,NULL),(146,10,'Ավտոմեքենա OPEL Astra G  1.6L','Տեխնիկական անձնագրի համարը՝ PB035655, նույնացման համարը՝ KNAFU4A22A5145516, շարժիչի հզորությունը՝ 156 Ձ.ՈՒ. / 115 ԿՎՏ։ Ավտոմեքենան գտնվում է վթարված վիճակում։ Զննման ընթացքում պարզվել է, որ վթարի հետևանքով վնասվել է ավտոմեքենայի առաջնամասը։ Ավերականգնելի վնասված և դոֆորմացված են՝ շարժիչի ծածկոցը, առջևի կայանարարը, աջ անվաթևի կեղտապաշտպանիչը, առջևի աջ և ետևի ձախ կողմի անվաթևերը, ետևի թափարգելը, ջերմափոխանակիչը, օդափոխիչը։ Առջևի լուսատու լապտերը, հակամառախուղային լապտերը, ճաղավանդակը կոտրված են։ Շարժիչը տեղաշարժված է, դիմահար ապակին՝ կոտրված։ Բանալին բացակայում է։',850000,865000,'2024-02-27 00:46:46','2024-03-25 00:00:00',5000,NULL),(147,11,'Ավտոմեքենա 3 SERIES  3.0L','Տեխնիկական անձնագրի համարը՝ PB035655, նույնացման համարը՝ KNAFU4A22A5145516, շարժիչի հզորությունը՝ 156 Ձ.ՈՒ. / 115 ԿՎՏ։ Ավտոմեքենան գտնվում է վթարված վիճակում։ Զննման ընթացքում պարզվել է, որ վթարի հետևանքով վնասվել է ավտոմեքենայի առաջնամասը։ Ավերականգնելի վնասված և դոֆորմացված են՝ շարժիչի ծածկոցը, առջևի կայանարարը, աջ անվաթևի կեղտապաշտպանիչը, առջևի աջ և ետևի ձախ կողմի անվաթևերը, ետևի թափարգելը, ջերմափոխանակիչը, օդափոխիչը։ Առջևի լուսատու լապտերը, հակամառախուղային լապտերը, ճաղավանդակը կոտրված են։ Շարժիչը տեղաշարժված է, դիմահար ապակին՝ կոտրված։ Բանալին բացակայում է։',2850000,2920000,'2024-02-27 00:47:11','2024-03-25 00:00:00',15000,NULL),(148,12,'ԱՎՏՈՄԵՔԵՆԱ NISSAN ALTIMA 1.8','Տեխնիկական անձնագրի համարը՝ SB072377, նույնացման համարը՝ 1N4AL21D38C249577, շարժիչի հզորությունը՝ 188 Ձ.ՈՒ. / 138 ԿՎՏ։ Տրանսպորտային միջոցը տեղազնվել է ակնադիտական եղանակով: Տեղազննության օրվա դրությամբ շարժիչը չի գործադրվել մարտկոցի անսարքության պատճառով։ Թափքի վրա առկա են խազված, քերծված, ներկածածկույթը թափված տեղեր։ Հակամառախուղային լապտերը բացակայում են։ Անվադողերը նորմալ վիճակ, սրահը՝ բավարար։',1212965,NULL,'2024-03-14 08:00:00','2024-03-29 09:15:00',5800,NULL),(149,13,'ԱՎՏՈՄԵՔԵՆԱ MITSUBISHI LANCER 1.6 C','Տեխնիկական անձնագրի համարը՝ KB858811, նույնացման համարը՝ JMBSNCB4ARU506509, շարժիչի հզորությունը՝ 112 Ձ.ՈՒ. / 82 ԿՎՏ։ Ավտոմեքենան գտնվում է վթարված վիճակում: Տրանսպորտային միջոցը տեղազնվել է ակնադիտական եղանակով: Տեղազննության օրվա դրությամբ շարժիչը չի գործադրվել մարտկոցի անսարքության պատճառով։ Թափքի վրա առկա են խազված, քերծված, ներկածածկույթը թափված տեղեր։ Հակամառախուղային լապտերը բացակայում են։ Անվադողերը նորմալ վիճակ, սրահը՝ բավարար։',1000965,NULL,'2024-03-14 08:00:00','2024-03-24 19:15:00',7500,NULL),(150,14,'ԱՎՏՈՄԵՔԵՆԱ SKODA FABIA 1.2','Տեխնիկական անձնագրի համարը՝ KB858811, նույնացման համարը՝ JMBSNCB4ARU506509, շարժիչի հզորությունը՝ 112 Ձ.ՈՒ. / 82 ԿՎՏ։ Ավտոմեքենան գտնվում է վթարված վիճակում: Տրանսպորտային միջոցը տեղազնվել է ակնադիտական եղանակով: Տեղազննության օրվա դրությամբ շարժիչը չի գործադրվել մարտկոցի անսարքության պատճառով։ Թափքի վրա առկա են խազված, քերծված, ներկածածկույթը թափված տեղեր։ Հակամառախուղային լապտերը բացակայում են։ Անվադողերը նորմալ վիճակ, սրահը՝ բավարար։',1500000,NULL,'2024-03-14 08:00:00','2024-03-24 19:15:00',8000,NULL),(151,15,'ԱՎՏՈՄԵՔԵՆԱ FORD COURIER 1.8 D','Տեխնիկական անձնագրի համարը՝ KB858811, նույնացման համարը՝ JMBSNCB4ARU506509, շարժիչի հզորությունը՝ 112 Ձ.ՈՒ. / 82 ԿՎՏ։ Ավտոմեքենան գտնվում է վթարված վիճակում: Տրանսպորտային միջոցը տեղազնվել է ակնադիտական եղանակով: Տեղազննության օրվա դրությամբ շարժիչը չի գործադրվել մարտկոցի անսարքության պատճառով։ Թափքի վրա առկա են խազված, քերծված, ներկածածկույթը թափված տեղեր։ Հակամառախուղային լապտերը բացակայում են։ Անվադողերը նորմալ վիճակ, սրահը՝ բավարար։',1250000,NULL,'2024-03-14 08:00:00','2024-03-24 19:15:00',8000,NULL),(152,16,'ԱՎՏՈՄԵՔԵՆԱ VAZ 21074-120-21.','Տեխնիկական անձնագրի համարը՝ KB858811, նույնացման համարը՝ JMBSNCB4ARU506509, շարժիչի հզորությունը՝ 112 Ձ.ՈՒ. / 82 ԿՎՏ։ Ավտոմեքենան գտնվում է վթարված վիճակում: Տրանսպորտային միջոցը տեղազնվել է ակնադիտական եղանակով: Տեղազննության օրվա դրությամբ շարժիչը չի գործադրվել մարտկոցի անսարքության պատճառով։ Թափքի վրա առկա են խազված, քերծված, ներկածածկույթը թափված տեղեր։ Հակամառախուղային լապտերը բացակայում են։ Անվադողերը նորմալ վիճակ, սրահը՝ բավարար։',450000,NULL,'2024-03-14 08:00:00','2024-03-24 19:15:00',2000,NULL),(153,17,'ԱՎՏՈՄԵՔԵՆԱ VAZ 21214.','Տեխնիկական անձնագրի համարը՝ KB858811, նույնացման համարը՝ JMBSNCB4ARU506509, շարժիչի հզորությունը՝ 112 Ձ.ՈՒ. / 82 ԿՎՏ։ Ավտոմեքենան գտնվում է վթարված վիճակում: Տրանսպորտային միջոցը տեղազնվել է ակնադիտական եղանակով: Տեղազննության օրվա դրությամբ շարժիչը չի գործադրվել մարտկոցի անսարքության պատճառով։ Թափքի վրա առկա են խազված, քերծված, ներկածածկույթը թափված տեղեր։ Հակամառախուղային լապտերը բացակայում են։ Անվադողերը նորմալ վիճակ, սրահը՝ բավարար։',450000,455000,'2024-03-14 08:00:00','2024-03-24 19:15:00',2000,NULL),(158,7,'Ավտոմեքենա KIA OPTIMA 2.5L','Տեխնիկական անձնագրի համարը՝ PB035655, նույնացման համարը՝ KNAFU4A22A5145516, շարժիչի հզորությունը՝ 156 Ձ.ՈՒ. / 115 ԿՎՏ։ Ավտոմեքենան գտնվում է վթարված վիճակում։ Զննման ընթացքում պարզվել է, որ վթարի հետևանքով վնասվել է ավտոմեքենայի առաջնամասը։ Ավերականգնելի վնասված և դոֆորմացված են՝ շարժիչի ծածկոցը, առջևի կայանարարը, աջ անվաթևի կեղտապաշտպանիչը, առջևի աջ և ետևի ձախ կողմի անվաթևերը, ետևի թափարգելը, ջերմափոխանակիչը, օդափոխիչը։ Առջևի լուսատու լապտերը, հակամառախուղային լապտերը, ճաղավանդակը կոտրված են։ Շարժիչը տեղաշարժված է, դիմահար ապակին՝ կոտրված։ Բանալին բացակայում է։',1250000,1263000,'2024-02-27 00:44:53','2024-03-25 00:00:00',12000,NULL),(159,8,'Ավտոմեքենա MERCEDES E250 2.5L','Տեխնիկական անձնագրի համարը՝ PB035655, նույնացման համարը՝ KNAFU4A22A5145516, շարժիչի հզորությունը՝ 156 Ձ.ՈՒ. / 115 ԿՎՏ։ Ավտոմեքենան գտնվում է վթարված վիճակում։ Զննման ընթացքում պարզվել է, որ վթարի հետևանքով վնասվել է ավտոմեքենայի առաջնամասը։ Ավերականգնելի վնասված և դոֆորմացված են՝ շարժիչի ծածկոցը, առջևի կայանարարը, աջ անվաթևի կեղտապաշտպանիչը, առջևի աջ և ետևի ձախ կողմի անվաթևերը, ետևի թափարգելը, ջերմափոխանակիչը, օդափոխիչը։ Առջևի լուսատու լապտերը, հակամառախուղային լապտերը, ճաղավանդակը կոտրված են։ Շարժիչը տեղաշարժված է, դիմահար ապակին՝ կոտրված։ Բանալին բացակայում է։',2550000,2870000,'2024-02-27 00:45:41','2024-03-25 00:00:00',18000,NULL),(160,9,'Ավտոմեքենա MERCEDES G500 5.0L','Տեխնիկական անձնագրի համարը՝ PB035655, նույնացման համարը՝ KNAFU4A22A5145516, շարժիչի հզորությունը՝ 156 Ձ.ՈՒ. / 115 ԿՎՏ։ Ավտոմեքենան գտնվում է վթարված վիճակում։ Զննման ընթացքում պարզվել է, որ վթարի հետևանքով վնասվել է ավտոմեքենայի առաջնամասը։ Ավերականգնելի վնասված և դոֆորմացված են՝ շարժիչի ծածկոցը, առջևի կայանարարը, աջ անվաթևի կեղտապաշտպանիչը, առջևի աջ և ետևի ձախ կողմի անվաթևերը, ետևի թափարգելը, ջերմափոխանակիչը, օդափոխիչը։ Առջևի լուսատու լապտերը, հակամառախուղային լապտերը, ճաղավանդակը կոտրված են։ Շարժիչը տեղաշարժված է, դիմահար ապակին՝ կոտրված։ Բանալին բացակայում է։',18000000,18053000,'2024-02-27 00:46:13','2024-03-25 00:00:00',25000,NULL),(161,10,'Ավտոմեքենա OPEL Astra G  1.6L','Տեխնիկական անձնագրի համարը՝ PB035655, նույնացման համարը՝ KNAFU4A22A5145516, շարժիչի հզորությունը՝ 156 Ձ.ՈՒ. / 115 ԿՎՏ։ Ավտոմեքենան գտնվում է վթարված վիճակում։ Զննման ընթացքում պարզվել է, որ վթարի հետևանքով վնասվել է ավտոմեքենայի առաջնամասը։ Ավերականգնելի վնասված և դոֆորմացված են՝ շարժիչի ծածկոցը, առջևի կայանարարը, աջ անվաթևի կեղտապաշտպանիչը, առջևի աջ և ետևի ձախ կողմի անվաթևերը, ետևի թափարգելը, ջերմափոխանակիչը, օդափոխիչը։ Առջևի լուսատու լապտերը, հակամառախուղային լապտերը, ճաղավանդակը կոտրված են։ Շարժիչը տեղաշարժված է, դիմահար ապակին՝ կոտրված։ Բանալին բացակայում է։',850000,865000,'2024-02-27 00:46:46','2024-03-25 00:00:00',5000,NULL),(162,11,'Ավտոմեքենա 3 SERIES  3.0L','Տեխնիկական անձնագրի համարը՝ PB035655, նույնացման համարը՝ KNAFU4A22A5145516, շարժիչի հզորությունը՝ 156 Ձ.ՈՒ. / 115 ԿՎՏ։ Ավտոմեքենան գտնվում է վթարված վիճակում։ Զննման ընթացքում պարզվել է, որ վթարի հետևանքով վնասվել է ավտոմեքենայի առաջնամասը։ Ավերականգնելի վնասված և դոֆորմացված են՝ շարժիչի ծածկոցը, առջևի կայանարարը, աջ անվաթևի կեղտապաշտպանիչը, առջևի աջ և ետևի ձախ կողմի անվաթևերը, ետևի թափարգելը, ջերմափոխանակիչը, օդափոխիչը։ Առջևի լուսատու լապտերը, հակամառախուղային լապտերը, ճաղավանդակը կոտրված են։ Շարժիչը տեղաշարժված է, դիմահար ապակին՝ կոտրված։ Բանալին բացակայում է։',2850000,2920000,'2024-02-27 00:47:11','2024-03-25 00:00:00',15000,NULL),(163,12,'ԱՎՏՈՄԵՔԵՆԱ NISSAN ALTIMA 1.8','Տեխնիկական անձնագրի համարը՝ SB072377, նույնացման համարը՝ 1N4AL21D38C249577, շարժիչի հզորությունը՝ 188 Ձ.ՈՒ. / 138 ԿՎՏ։ Տրանսպորտային միջոցը տեղազնվել է ակնադիտական եղանակով: Տեղազննության օրվա դրությամբ շարժիչը չի գործադրվել մարտկոցի անսարքության պատճառով։ Թափքի վրա առկա են խազված, քերծված, ներկածածկույթը թափված տեղեր։ Հակամառախուղային լապտերը բացակայում են։ Անվադողերը նորմալ վիճակ, սրահը՝ բավարար։',1212965,NULL,'2024-03-14 08:00:00','2024-03-29 09:15:00',5800,NULL),(164,13,'ԱՎՏՈՄԵՔԵՆԱ MITSUBISHI LANCER 1.6 C','Տեխնիկական անձնագրի համարը՝ KB858811, նույնացման համարը՝ JMBSNCB4ARU506509, շարժիչի հզորությունը՝ 112 Ձ.ՈՒ. / 82 ԿՎՏ։ Ավտոմեքենան գտնվում է վթարված վիճակում: Տրանսպորտային միջոցը տեղազնվել է ակնադիտական եղանակով: Տեղազննության օրվա դրությամբ շարժիչը չի գործադրվել մարտկոցի անսարքության պատճառով։ Թափքի վրա առկա են խազված, քերծված, ներկածածկույթը թափված տեղեր։ Հակամառախուղային լապտերը բացակայում են։ Անվադողերը նորմալ վիճակ, սրահը՝ բավարար։',1000965,NULL,'2024-03-14 08:00:00','2024-03-24 19:15:00',7500,NULL),(165,14,'ԱՎՏՈՄԵՔԵՆԱ SKODA FABIA 1.2','Տեխնիկական անձնագրի համարը՝ KB858811, նույնացման համարը՝ JMBSNCB4ARU506509, շարժիչի հզորությունը՝ 112 Ձ.ՈՒ. / 82 ԿՎՏ։ Ավտոմեքենան գտնվում է վթարված վիճակում: Տրանսպորտային միջոցը տեղազնվել է ակնադիտական եղանակով: Տեղազննության օրվա դրությամբ շարժիչը չի գործադրվել մարտկոցի անսարքության պատճառով։ Թափքի վրա առկա են խազված, քերծված, ներկածածկույթը թափված տեղեր։ Հակամառախուղային լապտերը բացակայում են։ Անվադողերը նորմալ վիճակ, սրահը՝ բավարար։',1500000,NULL,'2024-03-14 08:00:00','2024-03-24 19:15:00',8000,NULL),(166,15,'ԱՎՏՈՄԵՔԵՆԱ FORD COURIER 1.8 D','Տեխնիկական անձնագրի համարը՝ KB858811, նույնացման համարը՝ JMBSNCB4ARU506509, շարժիչի հզորությունը՝ 112 Ձ.ՈՒ. / 82 ԿՎՏ։ Ավտոմեքենան գտնվում է վթարված վիճակում: Տրանսպորտային միջոցը տեղազնվել է ակնադիտական եղանակով: Տեղազննության օրվա դրությամբ շարժիչը չի գործադրվել մարտկոցի անսարքության պատճառով։ Թափքի վրա առկա են խազված, քերծված, ներկածածկույթը թափված տեղեր։ Հակամառախուղային լապտերը բացակայում են։ Անվադողերը նորմալ վիճակ, սրահը՝ բավարար։',1250000,NULL,'2024-03-14 08:00:00','2024-03-24 19:15:00',8000,NULL),(167,16,'ԱՎՏՈՄԵՔԵՆԱ VAZ 21074-120-21.','Տեխնիկական անձնագրի համարը՝ KB858811, նույնացման համարը՝ JMBSNCB4ARU506509, շարժիչի հզորությունը՝ 112 Ձ.ՈՒ. / 82 ԿՎՏ։ Ավտոմեքենան գտնվում է վթարված վիճակում: Տրանսպորտային միջոցը տեղազնվել է ակնադիտական եղանակով: Տեղազննության օրվա դրությամբ շարժիչը չի գործադրվել մարտկոցի անսարքության պատճառով։ Թափքի վրա առկա են խազված, քերծված, ներկածածկույթը թափված տեղեր։ Հակամառախուղային լապտերը բացակայում են։ Անվադողերը նորմալ վիճակ, սրահը՝ բավարար։',450000,NULL,'2024-03-14 08:00:00','2024-03-24 19:15:00',2000,NULL),(168,17,'ԱՎՏՈՄԵՔԵՆԱ VAZ 21214.','Տեխնիկական անձնագրի համարը՝ KB858811, նույնացման համարը՝ JMBSNCB4ARU506509, շարժիչի հզորությունը՝ 112 Ձ.ՈՒ. / 82 ԿՎՏ։ Ավտոմեքենան գտնվում է վթարված վիճակում: Տրանսպորտային միջոցը տեղազնվել է ակնադիտական եղանակով: Տեղազննության օրվա դրությամբ շարժիչը չի գործադրվել մարտկոցի անսարքության պատճառով։ Թափքի վրա առկա են խազված, քերծված, ներկածածկույթը թափված տեղեր։ Հակամառախուղային լապտերը բացակայում են։ Անվադողերը նորմալ վիճակ, սրահը՝ բավարար։',450000,455000,'2024-03-14 08:00:00','2024-03-24 19:15:00',2000,NULL),(173,7,'Ավտոմեքենա KIA OPTIMA 2.5L','Տեխնիկական անձնագրի համարը՝ PB035655, նույնացման համարը՝ KNAFU4A22A5145516, շարժիչի հզորությունը՝ 156 Ձ.ՈՒ. / 115 ԿՎՏ։ Ավտոմեքենան գտնվում է վթարված վիճակում։ Զննման ընթացքում պարզվել է, որ վթարի հետևանքով վնասվել է ավտոմեքենայի առաջնամասը։ Ավերականգնելի վնասված և դոֆորմացված են՝ շարժիչի ծածկոցը, առջևի կայանարարը, աջ անվաթևի կեղտապաշտպանիչը, առջևի աջ և ետևի ձախ կողմի անվաթևերը, ետևի թափարգելը, ջերմափոխանակիչը, օդափոխիչը։ Առջևի լուսատու լապտերը, հակամառախուղային լապտերը, ճաղավանդակը կոտրված են։ Շարժիչը տեղաշարժված է, դիմահար ապակին՝ կոտրված։ Բանալին բացակայում է։',1250000,1263000,'2024-02-27 00:44:53','2024-03-25 00:00:00',12000,NULL),(174,8,'Ավտոմեքենա MERCEDES E250 2.5L','Տեխնիկական անձնագրի համարը՝ PB035655, նույնացման համարը՝ KNAFU4A22A5145516, շարժիչի հզորությունը՝ 156 Ձ.ՈՒ. / 115 ԿՎՏ։ Ավտոմեքենան գտնվում է վթարված վիճակում։ Զննման ընթացքում պարզվել է, որ վթարի հետևանքով վնասվել է ավտոմեքենայի առաջնամասը։ Ավերականգնելի վնասված և դոֆորմացված են՝ շարժիչի ծածկոցը, առջևի կայանարարը, աջ անվաթևի կեղտապաշտպանիչը, առջևի աջ և ետևի ձախ կողմի անվաթևերը, ետևի թափարգելը, ջերմափոխանակիչը, օդափոխիչը։ Առջևի լուսատու լապտերը, հակամառախուղային լապտերը, ճաղավանդակը կոտրված են։ Շարժիչը տեղաշարժված է, դիմահար ապակին՝ կոտրված։ Բանալին բացակայում է։',2550000,2870000,'2024-02-27 00:45:41','2024-03-25 00:00:00',18000,NULL),(175,9,'Ավտոմեքենա MERCEDES G500 5.0L','Տեխնիկական անձնագրի համարը՝ PB035655, նույնացման համարը՝ KNAFU4A22A5145516, շարժիչի հզորությունը՝ 156 Ձ.ՈՒ. / 115 ԿՎՏ։ Ավտոմեքենան գտնվում է վթարված վիճակում։ Զննման ընթացքում պարզվել է, որ վթարի հետևանքով վնասվել է ավտոմեքենայի առաջնամասը։ Ավերականգնելի վնասված և դոֆորմացված են՝ շարժիչի ծածկոցը, առջևի կայանարարը, աջ անվաթևի կեղտապաշտպանիչը, առջևի աջ և ետևի ձախ կողմի անվաթևերը, ետևի թափարգելը, ջերմափոխանակիչը, օդափոխիչը։ Առջևի լուսատու լապտերը, հակամառախուղային լապտերը, ճաղավանդակը կոտրված են։ Շարժիչը տեղաշարժված է, դիմահար ապակին՝ կոտրված։ Բանալին բացակայում է։',18000000,18053000,'2024-02-27 00:46:13','2024-03-25 00:00:00',25000,NULL),(176,10,'Ավտոմեքենա OPEL Astra G  1.6L','Տեխնիկական անձնագրի համարը՝ PB035655, նույնացման համարը՝ KNAFU4A22A5145516, շարժիչի հզորությունը՝ 156 Ձ.ՈՒ. / 115 ԿՎՏ։ Ավտոմեքենան գտնվում է վթարված վիճակում։ Զննման ընթացքում պարզվել է, որ վթարի հետևանքով վնասվել է ավտոմեքենայի առաջնամասը։ Ավերականգնելի վնասված և դոֆորմացված են՝ շարժիչի ծածկոցը, առջևի կայանարարը, աջ անվաթևի կեղտապաշտպանիչը, առջևի աջ և ետևի ձախ կողմի անվաթևերը, ետևի թափարգելը, ջերմափոխանակիչը, օդափոխիչը։ Առջևի լուսատու լապտերը, հակամառախուղային լապտերը, ճաղավանդակը կոտրված են։ Շարժիչը տեղաշարժված է, դիմահար ապակին՝ կոտրված։ Բանալին բացակայում է։',850000,865000,'2024-02-27 00:46:46','2024-03-25 00:00:00',5000,NULL),(177,11,'Ավտոմեքենա 3 SERIES  3.0L','Տեխնիկական անձնագրի համարը՝ PB035655, նույնացման համարը՝ KNAFU4A22A5145516, շարժիչի հզորությունը՝ 156 Ձ.ՈՒ. / 115 ԿՎՏ։ Ավտոմեքենան գտնվում է վթարված վիճակում։ Զննման ընթացքում պարզվել է, որ վթարի հետևանքով վնասվել է ավտոմեքենայի առաջնամասը։ Ավերականգնելի վնասված և դոֆորմացված են՝ շարժիչի ծածկոցը, առջևի կայանարարը, աջ անվաթևի կեղտապաշտպանիչը, առջևի աջ և ետևի ձախ կողմի անվաթևերը, ետևի թափարգելը, ջերմափոխանակիչը, օդափոխիչը։ Առջևի լուսատու լապտերը, հակամառախուղային լապտերը, ճաղավանդակը կոտրված են։ Շարժիչը տեղաշարժված է, դիմահար ապակին՝ կոտրված։ Բանալին բացակայում է։',2850000,2920000,'2024-02-27 00:47:11','2024-03-25 00:00:00',15000,NULL),(178,12,'ԱՎՏՈՄԵՔԵՆԱ NISSAN ALTIMA 1.8','Տեխնիկական անձնագրի համարը՝ SB072377, նույնացման համարը՝ 1N4AL21D38C249577, շարժիչի հզորությունը՝ 188 Ձ.ՈՒ. / 138 ԿՎՏ։ Տրանսպորտային միջոցը տեղազնվել է ակնադիտական եղանակով: Տեղազննության օրվա դրությամբ շարժիչը չի գործադրվել մարտկոցի անսարքության պատճառով։ Թափքի վրա առկա են խազված, քերծված, ներկածածկույթը թափված տեղեր։ Հակամառախուղային լապտերը բացակայում են։ Անվադողերը նորմալ վիճակ, սրահը՝ բավարար։',1212965,NULL,'2024-03-14 08:00:00','2024-03-29 09:15:00',5800,NULL),(179,13,'ԱՎՏՈՄԵՔԵՆԱ MITSUBISHI LANCER 1.6 C','Տեխնիկական անձնագրի համարը՝ KB858811, նույնացման համարը՝ JMBSNCB4ARU506509, շարժիչի հզորությունը՝ 112 Ձ.ՈՒ. / 82 ԿՎՏ։ Ավտոմեքենան գտնվում է վթարված վիճակում: Տրանսպորտային միջոցը տեղազնվել է ակնադիտական եղանակով: Տեղազննության օրվա դրությամբ շարժիչը չի գործադրվել մարտկոցի անսարքության պատճառով։ Թափքի վրա առկա են խազված, քերծված, ներկածածկույթը թափված տեղեր։ Հակամառախուղային լապտերը բացակայում են։ Անվադողերը նորմալ վիճակ, սրահը՝ բավարար։',1000965,NULL,'2024-03-14 08:00:00','2024-03-24 19:15:00',7500,NULL),(180,14,'ԱՎՏՈՄԵՔԵՆԱ SKODA FABIA 1.2','Տեխնիկական անձնագրի համարը՝ KB858811, նույնացման համարը՝ JMBSNCB4ARU506509, շարժիչի հզորությունը՝ 112 Ձ.ՈՒ. / 82 ԿՎՏ։ Ավտոմեքենան գտնվում է վթարված վիճակում: Տրանսպորտային միջոցը տեղազնվել է ակնադիտական եղանակով: Տեղազննության օրվա դրությամբ շարժիչը չի գործադրվել մարտկոցի անսարքության պատճառով։ Թափքի վրա առկա են խազված, քերծված, ներկածածկույթը թափված տեղեր։ Հակամառախուղային լապտերը բացակայում են։ Անվադողերը նորմալ վիճակ, սրահը՝ բավարար։',1500000,NULL,'2024-03-14 08:00:00','2024-03-24 19:15:00',8000,NULL),(181,15,'ԱՎՏՈՄԵՔԵՆԱ FORD COURIER 1.8 D','Տեխնիկական անձնագրի համարը՝ KB858811, նույնացման համարը՝ JMBSNCB4ARU506509, շարժիչի հզորությունը՝ 112 Ձ.ՈՒ. / 82 ԿՎՏ։ Ավտոմեքենան գտնվում է վթարված վիճակում: Տրանսպորտային միջոցը տեղազնվել է ակնադիտական եղանակով: Տեղազննության օրվա դրությամբ շարժիչը չի գործադրվել մարտկոցի անսարքության պատճառով։ Թափքի վրա առկա են խազված, քերծված, ներկածածկույթը թափված տեղեր։ Հակամառախուղային լապտերը բացակայում են։ Անվադողերը նորմալ վիճակ, սրահը՝ բավարար։',1250000,NULL,'2024-03-14 08:00:00','2024-03-24 19:15:00',8000,NULL),(182,16,'ԱՎՏՈՄԵՔԵՆԱ VAZ 21074-120-21.','Տեխնիկական անձնագրի համարը՝ KB858811, նույնացման համարը՝ JMBSNCB4ARU506509, շարժիչի հզորությունը՝ 112 Ձ.ՈՒ. / 82 ԿՎՏ։ Ավտոմեքենան գտնվում է վթարված վիճակում: Տրանսպորտային միջոցը տեղազնվել է ակնադիտական եղանակով: Տեղազննության օրվա դրությամբ շարժիչը չի գործադրվել մարտկոցի անսարքության պատճառով։ Թափքի վրա առկա են խազված, քերծված, ներկածածկույթը թափված տեղեր։ Հակամառախուղային լապտերը բացակայում են։ Անվադողերը նորմալ վիճակ, սրահը՝ բավարար։',450000,NULL,'2024-03-14 08:00:00','2024-03-24 19:15:00',2000,NULL),(183,17,'ԱՎՏՈՄԵՔԵՆԱ VAZ 21214.','Տեխնիկական անձնագրի համարը՝ KB858811, նույնացման համարը՝ JMBSNCB4ARU506509, շարժիչի հզորությունը՝ 112 Ձ.ՈՒ. / 82 ԿՎՏ։ Ավտոմեքենան գտնվում է վթարված վիճակում: Տրանսպորտային միջոցը տեղազնվել է ակնադիտական եղանակով: Տեղազննության օրվա դրությամբ շարժիչը չի գործադրվել մարտկոցի անսարքության պատճառով։ Թափքի վրա առկա են խազված, քերծված, ներկածածկույթը թափված տեղեր։ Հակամառախուղային լապտերը բացակայում են։ Անվադողերը նորմալ վիճակ, սրահը՝ բավարար։',450000,455000,'2024-03-14 08:00:00','2024-03-24 19:15:00',2000,NULL),(188,7,'Ավտոմեքենա KIA OPTIMA 2.5L','Տեխնիկական անձնագրի համարը՝ PB035655, նույնացման համարը՝ KNAFU4A22A5145516, շարժիչի հզորությունը՝ 156 Ձ.ՈՒ. / 115 ԿՎՏ։ Ավտոմեքենան գտնվում է վթարված վիճակում։ Զննման ընթացքում պարզվել է, որ վթարի հետևանքով վնասվել է ավտոմեքենայի առաջնամասը։ Ավերականգնելի վնասված և դոֆորմացված են՝ շարժիչի ծածկոցը, առջևի կայանարարը, աջ անվաթևի կեղտապաշտպանիչը, առջևի աջ և ետևի ձախ կողմի անվաթևերը, ետևի թափարգելը, ջերմափոխանակիչը, օդափոխիչը։ Առջևի լուսատու լապտերը, հակամառախուղային լապտերը, ճաղավանդակը կոտրված են։ Շարժիչը տեղաշարժված է, դիմահար ապակին՝ կոտրված։ Բանալին բացակայում է։',1250000,1263000,'2024-02-27 00:44:53','2024-03-25 00:00:00',12000,NULL),(189,8,'Ավտոմեքենա MERCEDES E250 2.5L','Տեխնիկական անձնագրի համարը՝ PB035655, նույնացման համարը՝ KNAFU4A22A5145516, շարժիչի հզորությունը՝ 156 Ձ.ՈՒ. / 115 ԿՎՏ։ Ավտոմեքենան գտնվում է վթարված վիճակում։ Զննման ընթացքում պարզվել է, որ վթարի հետևանքով վնասվել է ավտոմեքենայի առաջնամասը։ Ավերականգնելի վնասված և դոֆորմացված են՝ շարժիչի ծածկոցը, առջևի կայանարարը, աջ անվաթևի կեղտապաշտպանիչը, առջևի աջ և ետևի ձախ կողմի անվաթևերը, ետևի թափարգելը, ջերմափոխանակիչը, օդափոխիչը։ Առջևի լուսատու լապտերը, հակամառախուղային լապտերը, ճաղավանդակը կոտրված են։ Շարժիչը տեղաշարժված է, դիմահար ապակին՝ կոտրված։ Բանալին բացակայում է։',2550000,2870000,'2024-02-27 00:45:41','2024-03-25 00:00:00',18000,NULL),(190,9,'Ավտոմեքենա MERCEDES G500 5.0L','Տեխնիկական անձնագրի համարը՝ PB035655, նույնացման համարը՝ KNAFU4A22A5145516, շարժիչի հզորությունը՝ 156 Ձ.ՈՒ. / 115 ԿՎՏ։ Ավտոմեքենան գտնվում է վթարված վիճակում։ Զննման ընթացքում պարզվել է, որ վթարի հետևանքով վնասվել է ավտոմեքենայի առաջնամասը։ Ավերականգնելի վնասված և դոֆորմացված են՝ շարժիչի ծածկոցը, առջևի կայանարարը, աջ անվաթևի կեղտապաշտպանիչը, առջևի աջ և ետևի ձախ կողմի անվաթևերը, ետևի թափարգելը, ջերմափոխանակիչը, օդափոխիչը։ Առջևի լուսատու լապտերը, հակամառախուղային լապտերը, ճաղավանդակը կոտրված են։ Շարժիչը տեղաշարժված է, դիմահար ապակին՝ կոտրված։ Բանալին բացակայում է։',18000000,18053000,'2024-02-27 00:46:13','2024-03-25 00:00:00',25000,NULL),(191,10,'Ավտոմեքենա OPEL Astra G  1.6L','Տեխնիկական անձնագրի համարը՝ PB035655, նույնացման համարը՝ KNAFU4A22A5145516, շարժիչի հզորությունը՝ 156 Ձ.ՈՒ. / 115 ԿՎՏ։ Ավտոմեքենան գտնվում է վթարված վիճակում։ Զննման ընթացքում պարզվել է, որ վթարի հետևանքով վնասվել է ավտոմեքենայի առաջնամասը։ Ավերականգնելի վնասված և դոֆորմացված են՝ շարժիչի ծածկոցը, առջևի կայանարարը, աջ անվաթևի կեղտապաշտպանիչը, առջևի աջ և ետևի ձախ կողմի անվաթևերը, ետևի թափարգելը, ջերմափոխանակիչը, օդափոխիչը։ Առջևի լուսատու լապտերը, հակամառախուղային լապտերը, ճաղավանդակը կոտրված են։ Շարժիչը տեղաշարժված է, դիմահար ապակին՝ կոտրված։ Բանալին բացակայում է։',850000,865000,'2024-02-27 00:46:46','2024-03-25 00:00:00',5000,NULL),(192,11,'Ավտոմեքենա 3 SERIES  3.0L','Տեխնիկական անձնագրի համարը՝ PB035655, նույնացման համարը՝ KNAFU4A22A5145516, շարժիչի հզորությունը՝ 156 Ձ.ՈՒ. / 115 ԿՎՏ։ Ավտոմեքենան գտնվում է վթարված վիճակում։ Զննման ընթացքում պարզվել է, որ վթարի հետևանքով վնասվել է ավտոմեքենայի առաջնամասը։ Ավերականգնելի վնասված և դոֆորմացված են՝ շարժիչի ծածկոցը, առջևի կայանարարը, աջ անվաթևի կեղտապաշտպանիչը, առջևի աջ և ետևի ձախ կողմի անվաթևերը, ետևի թափարգելը, ջերմափոխանակիչը, օդափոխիչը։ Առջևի լուսատու լապտերը, հակամառախուղային լապտերը, ճաղավանդակը կոտրված են։ Շարժիչը տեղաշարժված է, դիմահար ապակին՝ կոտրված։ Բանալին բացակայում է։',2850000,2920000,'2024-02-27 00:47:11','2024-03-25 00:00:00',15000,NULL),(193,12,'ԱՎՏՈՄԵՔԵՆԱ NISSAN ALTIMA 1.8','Տեխնիկական անձնագրի համարը՝ SB072377, նույնացման համարը՝ 1N4AL21D38C249577, շարժիչի հզորությունը՝ 188 Ձ.ՈՒ. / 138 ԿՎՏ։ Տրանսպորտային միջոցը տեղազնվել է ակնադիտական եղանակով: Տեղազննության օրվա դրությամբ շարժիչը չի գործադրվել մարտկոցի անսարքության պատճառով։ Թափքի վրա առկա են խազված, քերծված, ներկածածկույթը թափված տեղեր։ Հակամառախուղային լապտերը բացակայում են։ Անվադողերը նորմալ վիճակ, սրահը՝ բավարար։',1212965,NULL,'2024-03-14 08:00:00','2024-03-29 09:15:00',5800,NULL),(194,13,'ԱՎՏՈՄԵՔԵՆԱ MITSUBISHI LANCER 1.6 C','Տեխնիկական անձնագրի համարը՝ KB858811, նույնացման համարը՝ JMBSNCB4ARU506509, շարժիչի հզորությունը՝ 112 Ձ.ՈՒ. / 82 ԿՎՏ։ Ավտոմեքենան գտնվում է վթարված վիճակում: Տրանսպորտային միջոցը տեղազնվել է ակնադիտական եղանակով: Տեղազննության օրվա դրությամբ շարժիչը չի գործադրվել մարտկոցի անսարքության պատճառով։ Թափքի վրա առկա են խազված, քերծված, ներկածածկույթը թափված տեղեր։ Հակամառախուղային լապտերը բացակայում են։ Անվադողերը նորմալ վիճակ, սրահը՝ բավարար։',1000965,NULL,'2024-03-14 08:00:00','2024-03-24 19:15:00',7500,NULL),(195,14,'ԱՎՏՈՄԵՔԵՆԱ SKODA FABIA 1.2','Տեխնիկական անձնագրի համարը՝ KB858811, նույնացման համարը՝ JMBSNCB4ARU506509, շարժիչի հզորությունը՝ 112 Ձ.ՈՒ. / 82 ԿՎՏ։ Ավտոմեքենան գտնվում է վթարված վիճակում: Տրանսպորտային միջոցը տեղազնվել է ակնադիտական եղանակով: Տեղազննության օրվա դրությամբ շարժիչը չի գործադրվել մարտկոցի անսարքության պատճառով։ Թափքի վրա առկա են խազված, քերծված, ներկածածկույթը թափված տեղեր։ Հակամառախուղային լապտերը բացակայում են։ Անվադողերը նորմալ վիճակ, սրահը՝ բավարար։',1500000,NULL,'2024-03-14 08:00:00','2024-03-24 19:15:00',8000,NULL),(196,15,'ԱՎՏՈՄԵՔԵՆԱ FORD COURIER 1.8 D','Տեխնիկական անձնագրի համարը՝ KB858811, նույնացման համարը՝ JMBSNCB4ARU506509, շարժիչի հզորությունը՝ 112 Ձ.ՈՒ. / 82 ԿՎՏ։ Ավտոմեքենան գտնվում է վթարված վիճակում: Տրանսպորտային միջոցը տեղազնվել է ակնադիտական եղանակով: Տեղազննության օրվա դրությամբ շարժիչը չի գործադրվել մարտկոցի անսարքության պատճառով։ Թափքի վրա առկա են խազված, քերծված, ներկածածկույթը թափված տեղեր։ Հակամառախուղային լապտերը բացակայում են։ Անվադողերը նորմալ վիճակ, սրահը՝ բավարար։',1250000,NULL,'2024-03-14 08:00:00','2024-03-24 19:15:00',8000,NULL),(197,16,'ԱՎՏՈՄԵՔԵՆԱ VAZ 21074-120-21.','Տեխնիկական անձնագրի համարը՝ KB858811, նույնացման համարը՝ JMBSNCB4ARU506509, շարժիչի հզորությունը՝ 112 Ձ.ՈՒ. / 82 ԿՎՏ։ Ավտոմեքենան գտնվում է վթարված վիճակում: Տրանսպորտային միջոցը տեղազնվել է ակնադիտական եղանակով: Տեղազննության օրվա դրությամբ շարժիչը չի գործադրվել մարտկոցի անսարքության պատճառով։ Թափքի վրա առկա են խազված, քերծված, ներկածածկույթը թափված տեղեր։ Հակամառախուղային լապտերը բացակայում են։ Անվադողերը նորմալ վիճակ, սրահը՝ բավարար։',450000,NULL,'2024-03-14 08:00:00','2024-03-24 19:15:00',2000,NULL),(198,17,'ԱՎՏՈՄԵՔԵՆԱ VAZ 21214.','Տեխնիկական անձնագրի համարը՝ KB858811, նույնացման համարը՝ JMBSNCB4ARU506509, շարժիչի հզորությունը՝ 112 Ձ.ՈՒ. / 82 ԿՎՏ։ Ավտոմեքենան գտնվում է վթարված վիճակում: Տրանսպորտային միջոցը տեղազնվել է ակնադիտական եղանակով: Տեղազննության օրվա դրությամբ շարժիչը չի գործադրվել մարտկոցի անսարքության պատճառով։ Թափքի վրա առկա են խազված, քերծված, ներկածածկույթը թափված տեղեր։ Հակամառախուղային լապտերը բացակայում են։ Անվադողերը նորմալ վիճակ, սրահը՝ բավարար։',450000,455000,'2024-03-14 08:00:00','2024-03-24 19:15:00',2000,NULL),(203,7,'Ավտոմեքենա KIA OPTIMA 2.5L','Տեխնիկական անձնագրի համարը՝ PB035655, նույնացման համարը՝ KNAFU4A22A5145516, շարժիչի հզորությունը՝ 156 Ձ.ՈՒ. / 115 ԿՎՏ։ Ավտոմեքենան գտնվում է վթարված վիճակում։ Զննման ընթացքում պարզվել է, որ վթարի հետևանքով վնասվել է ավտոմեքենայի առաջնամասը։ Ավերականգնելի վնասված և դոֆորմացված են՝ շարժիչի ծածկոցը, առջևի կայանարարը, աջ անվաթևի կեղտապաշտպանիչը, առջևի աջ և ետևի ձախ կողմի անվաթևերը, ետևի թափարգելը, ջերմափոխանակիչը, օդափոխիչը։ Առջևի լուսատու լապտերը, հակամառախուղային լապտերը, ճաղավանդակը կոտրված են։ Շարժիչը տեղաշարժված է, դիմահար ապակին՝ կոտրված։ Բանալին բացակայում է։',1250000,1263000,'2024-02-27 00:44:53','2024-03-25 00:00:00',12000,NULL),(204,8,'Ավտոմեքենա MERCEDES E250 2.5L','Տեխնիկական անձնագրի համարը՝ PB035655, նույնացման համարը՝ KNAFU4A22A5145516, շարժիչի հզորությունը՝ 156 Ձ.ՈՒ. / 115 ԿՎՏ։ Ավտոմեքենան գտնվում է վթարված վիճակում։ Զննման ընթացքում պարզվել է, որ վթարի հետևանքով վնասվել է ավտոմեքենայի առաջնամասը։ Ավերականգնելի վնասված և դոֆորմացված են՝ շարժիչի ծածկոցը, առջևի կայանարարը, աջ անվաթևի կեղտապաշտպանիչը, առջևի աջ և ետևի ձախ կողմի անվաթևերը, ետևի թափարգելը, ջերմափոխանակիչը, օդափոխիչը։ Առջևի լուսատու լապտերը, հակամառախուղային լապտերը, ճաղավանդակը կոտրված են։ Շարժիչը տեղաշարժված է, դիմահար ապակին՝ կոտրված։ Բանալին բացակայում է։',2550000,2870000,'2024-02-27 00:45:41','2024-03-25 00:00:00',18000,NULL),(205,9,'Ավտոմեքենա MERCEDES G500 5.0L','Տեխնիկական անձնագրի համարը՝ PB035655, նույնացման համարը՝ KNAFU4A22A5145516, շարժիչի հզորությունը՝ 156 Ձ.ՈՒ. / 115 ԿՎՏ։ Ավտոմեքենան գտնվում է վթարված վիճակում։ Զննման ընթացքում պարզվել է, որ վթարի հետևանքով վնասվել է ավտոմեքենայի առաջնամասը։ Ավերականգնելի վնասված և դոֆորմացված են՝ շարժիչի ծածկոցը, առջևի կայանարարը, աջ անվաթևի կեղտապաշտպանիչը, առջևի աջ և ետևի ձախ կողմի անվաթևերը, ետևի թափարգելը, ջերմափոխանակիչը, օդափոխիչը։ Առջևի լուսատու լապտերը, հակամառախուղային լապտերը, ճաղավանդակը կոտրված են։ Շարժիչը տեղաշարժված է, դիմահար ապակին՝ կոտրված։ Բանալին բացակայում է։',18000000,18053000,'2024-02-27 00:46:13','2024-03-25 00:00:00',25000,NULL),(206,10,'Ավտոմեքենա OPEL Astra G  1.6L','Տեխնիկական անձնագրի համարը՝ PB035655, նույնացման համարը՝ KNAFU4A22A5145516, շարժիչի հզորությունը՝ 156 Ձ.ՈՒ. / 115 ԿՎՏ։ Ավտոմեքենան գտնվում է վթարված վիճակում։ Զննման ընթացքում պարզվել է, որ վթարի հետևանքով վնասվել է ավտոմեքենայի առաջնամասը։ Ավերականգնելի վնասված և դոֆորմացված են՝ շարժիչի ծածկոցը, առջևի կայանարարը, աջ անվաթևի կեղտապաշտպանիչը, առջևի աջ և ետևի ձախ կողմի անվաթևերը, ետևի թափարգելը, ջերմափոխանակիչը, օդափոխիչը։ Առջևի լուսատու լապտերը, հակամառախուղային լապտերը, ճաղավանդակը կոտրված են։ Շարժիչը տեղաշարժված է, դիմահար ապակին՝ կոտրված։ Բանալին բացակայում է։',850000,865000,'2024-02-27 00:46:46','2024-03-25 00:00:00',5000,NULL),(207,11,'Ավտոմեքենա 3 SERIES  3.0L','Տեխնիկական անձնագրի համարը՝ PB035655, նույնացման համարը՝ KNAFU4A22A5145516, շարժիչի հզորությունը՝ 156 Ձ.ՈՒ. / 115 ԿՎՏ։ Ավտոմեքենան գտնվում է վթարված վիճակում։ Զննման ընթացքում պարզվել է, որ վթարի հետևանքով վնասվել է ավտոմեքենայի առաջնամասը։ Ավերականգնելի վնասված և դոֆորմացված են՝ շարժիչի ծածկոցը, առջևի կայանարարը, աջ անվաթևի կեղտապաշտպանիչը, առջևի աջ և ետևի ձախ կողմի անվաթևերը, ետևի թափարգելը, ջերմափոխանակիչը, օդափոխիչը։ Առջևի լուսատու լապտերը, հակամառախուղային լապտերը, ճաղավանդակը կոտրված են։ Շարժիչը տեղաշարժված է, դիմահար ապակին՝ կոտրված։ Բանալին բացակայում է։',2850000,2920000,'2024-02-27 00:47:11','2024-03-25 00:00:00',15000,NULL),(208,12,'ԱՎՏՈՄԵՔԵՆԱ NISSAN ALTIMA 1.8','Տեխնիկական անձնագրի համարը՝ SB072377, նույնացման համարը՝ 1N4AL21D38C249577, շարժիչի հզորությունը՝ 188 Ձ.ՈՒ. / 138 ԿՎՏ։ Տրանսպորտային միջոցը տեղազնվել է ակնադիտական եղանակով: Տեղազննության օրվա դրությամբ շարժիչը չի գործադրվել մարտկոցի անսարքության պատճառով։ Թափքի վրա առկա են խազված, քերծված, ներկածածկույթը թափված տեղեր։ Հակամառախուղային լապտերը բացակայում են։ Անվադողերը նորմալ վիճակ, սրահը՝ բավարար։',1212965,NULL,'2024-03-14 08:00:00','2024-03-29 09:15:00',5800,NULL),(209,13,'ԱՎՏՈՄԵՔԵՆԱ MITSUBISHI LANCER 1.6 C','Տեխնիկական անձնագրի համարը՝ KB858811, նույնացման համարը՝ JMBSNCB4ARU506509, շարժիչի հզորությունը՝ 112 Ձ.ՈՒ. / 82 ԿՎՏ։ Ավտոմեքենան գտնվում է վթարված վիճակում: Տրանսպորտային միջոցը տեղազնվել է ակնադիտական եղանակով: Տեղազննության օրվա դրությամբ շարժիչը չի գործադրվել մարտկոցի անսարքության պատճառով։ Թափքի վրա առկա են խազված, քերծված, ներկածածկույթը թափված տեղեր։ Հակամառախուղային լապտերը բացակայում են։ Անվադողերը նորմալ վիճակ, սրահը՝ բավարար։',1000965,NULL,'2024-03-14 08:00:00','2024-03-24 19:15:00',7500,NULL),(210,14,'ԱՎՏՈՄԵՔԵՆԱ SKODA FABIA 1.2','Տեխնիկական անձնագրի համարը՝ KB858811, նույնացման համարը՝ JMBSNCB4ARU506509, շարժիչի հզորությունը՝ 112 Ձ.ՈՒ. / 82 ԿՎՏ։ Ավտոմեքենան գտնվում է վթարված վիճակում: Տրանսպորտային միջոցը տեղազնվել է ակնադիտական եղանակով: Տեղազննության օրվա դրությամբ շարժիչը չի գործադրվել մարտկոցի անսարքության պատճառով։ Թափքի վրա առկա են խազված, քերծված, ներկածածկույթը թափված տեղեր։ Հակամառախուղային լապտերը բացակայում են։ Անվադողերը նորմալ վիճակ, սրահը՝ բավարար։',1500000,NULL,'2024-03-14 08:00:00','2024-03-24 19:15:00',8000,NULL),(211,15,'ԱՎՏՈՄԵՔԵՆԱ FORD COURIER 1.8 D','Տեխնիկական անձնագրի համարը՝ KB858811, նույնացման համարը՝ JMBSNCB4ARU506509, շարժիչի հզորությունը՝ 112 Ձ.ՈՒ. / 82 ԿՎՏ։ Ավտոմեքենան գտնվում է վթարված վիճակում: Տրանսպորտային միջոցը տեղազնվել է ակնադիտական եղանակով: Տեղազննության օրվա դրությամբ շարժիչը չի գործադրվել մարտկոցի անսարքության պատճառով։ Թափքի վրա առկա են խազված, քերծված, ներկածածկույթը թափված տեղեր։ Հակամառախուղային լապտերը բացակայում են։ Անվադողերը նորմալ վիճակ, սրահը՝ բավարար։',1250000,NULL,'2024-03-14 08:00:00','2024-03-24 19:15:00',8000,NULL),(212,16,'ԱՎՏՈՄԵՔԵՆԱ VAZ 21074-120-21.','Տեխնիկական անձնագրի համարը՝ KB858811, նույնացման համարը՝ JMBSNCB4ARU506509, շարժիչի հզորությունը՝ 112 Ձ.ՈՒ. / 82 ԿՎՏ։ Ավտոմեքենան գտնվում է վթարված վիճակում: Տրանսպորտային միջոցը տեղազնվել է ակնադիտական եղանակով: Տեղազննության օրվա դրությամբ շարժիչը չի գործադրվել մարտկոցի անսարքության պատճառով։ Թափքի վրա առկա են խազված, քերծված, ներկածածկույթը թափված տեղեր։ Հակամառախուղային լապտերը բացակայում են։ Անվադողերը նորմալ վիճակ, սրահը՝ բավարար։',450000,NULL,'2024-03-14 08:00:00','2024-03-24 19:15:00',2000,NULL),(213,17,'ԱՎՏՈՄԵՔԵՆԱ VAZ 21214.','Տեխնիկական անձնագրի համարը՝ KB858811, նույնացման համարը՝ JMBSNCB4ARU506509, շարժիչի հզորությունը՝ 112 Ձ.ՈՒ. / 82 ԿՎՏ։ Ավտոմեքենան գտնվում է վթարված վիճակում: Տրանսպորտային միջոցը տեղազնվել է ակնադիտական եղանակով: Տեղազննության օրվա դրությամբ շարժիչը չի գործադրվել մարտկոցի անսարքության պատճառով։ Թափքի վրա առկա են խազված, քերծված, ներկածածկույթը թափված տեղեր։ Հակամառախուղային լապտերը բացակայում են։ Անվադողերը նորմալ վիճակ, սրահը՝ բավարար։',450000,455000,'2024-03-14 08:00:00','2024-03-24 19:15:00',2000,NULL),(218,7,'Ավտոմեքենա KIA OPTIMA 2.5L','Տեխնիկական անձնագրի համարը՝ PB035655, նույնացման համարը՝ KNAFU4A22A5145516, շարժիչի հզորությունը՝ 156 Ձ.ՈՒ. / 115 ԿՎՏ։ Ավտոմեքենան գտնվում է վթարված վիճակում։ Զննման ընթացքում պարզվել է, որ վթարի հետևանքով վնասվել է ավտոմեքենայի առաջնամասը։ Ավերականգնելի վնասված և դոֆորմացված են՝ շարժիչի ծածկոցը, առջևի կայանարարը, աջ անվաթևի կեղտապաշտպանիչը, առջևի աջ և ետևի ձախ կողմի անվաթևերը, ետևի թափարգելը, ջերմափոխանակիչը, օդափոխիչը։ Առջևի լուսատու լապտերը, հակամառախուղային լապտերը, ճաղավանդակը կոտրված են։ Շարժիչը տեղաշարժված է, դիմահար ապակին՝ կոտրված։ Բանալին բացակայում է։',1250000,1263000,'2024-02-27 00:44:53','2024-03-25 00:00:00',12000,NULL),(219,8,'Ավտոմեքենա MERCEDES E250 2.5L','Տեխնիկական անձնագրի համարը՝ PB035655, նույնացման համարը՝ KNAFU4A22A5145516, շարժիչի հզորությունը՝ 156 Ձ.ՈՒ. / 115 ԿՎՏ։ Ավտոմեքենան գտնվում է վթարված վիճակում։ Զննման ընթացքում պարզվել է, որ վթարի հետևանքով վնասվել է ավտոմեքենայի առաջնամասը։ Ավերականգնելի վնասված և դոֆորմացված են՝ շարժիչի ծածկոցը, առջևի կայանարարը, աջ անվաթևի կեղտապաշտպանիչը, առջևի աջ և ետևի ձախ կողմի անվաթևերը, ետևի թափարգելը, ջերմափոխանակիչը, օդափոխիչը։ Առջևի լուսատու լապտերը, հակամառախուղային լապտերը, ճաղավանդակը կոտրված են։ Շարժիչը տեղաշարժված է, դիմահար ապակին՝ կոտրված։ Բանալին բացակայում է։',2550000,2870000,'2024-02-27 00:45:41','2024-03-25 00:00:00',18000,NULL),(220,9,'Ավտոմեքենա MERCEDES G500 5.0L','Տեխնիկական անձնագրի համարը՝ PB035655, նույնացման համարը՝ KNAFU4A22A5145516, շարժիչի հզորությունը՝ 156 Ձ.ՈՒ. / 115 ԿՎՏ։ Ավտոմեքենան գտնվում է վթարված վիճակում։ Զննման ընթացքում պարզվել է, որ վթարի հետևանքով վնասվել է ավտոմեքենայի առաջնամասը։ Ավերականգնելի վնասված և դոֆորմացված են՝ շարժիչի ծածկոցը, առջևի կայանարարը, աջ անվաթևի կեղտապաշտպանիչը, առջևի աջ և ետևի ձախ կողմի անվաթևերը, ետևի թափարգելը, ջերմափոխանակիչը, օդափոխիչը։ Առջևի լուսատու լապտերը, հակամառախուղային լապտերը, ճաղավանդակը կոտրված են։ Շարժիչը տեղաշարժված է, դիմահար ապակին՝ կոտրված։ Բանալին բացակայում է։',18000000,18053000,'2024-02-27 00:46:13','2024-03-25 00:00:00',25000,NULL),(221,10,'Ավտոմեքենա OPEL Astra G  1.6L','Տեխնիկական անձնագրի համարը՝ PB035655, նույնացման համարը՝ KNAFU4A22A5145516, շարժիչի հզորությունը՝ 156 Ձ.ՈՒ. / 115 ԿՎՏ։ Ավտոմեքենան գտնվում է վթարված վիճակում։ Զննման ընթացքում պարզվել է, որ վթարի հետևանքով վնասվել է ավտոմեքենայի առաջնամասը։ Ավերականգնելի վնասված և դոֆորմացված են՝ շարժիչի ծածկոցը, առջևի կայանարարը, աջ անվաթևի կեղտապաշտպանիչը, առջևի աջ և ետևի ձախ կողմի անվաթևերը, ետևի թափարգելը, ջերմափոխանակիչը, օդափոխիչը։ Առջևի լուսատու լապտերը, հակամառախուղային լապտերը, ճաղավանդակը կոտրված են։ Շարժիչը տեղաշարժված է, դիմահար ապակին՝ կոտրված։ Բանալին բացակայում է։',850000,865000,'2024-02-27 00:46:46','2024-03-25 00:00:00',5000,NULL),(222,11,'Ավտոմեքենա 3 SERIES  3.0L','Տեխնիկական անձնագրի համարը՝ PB035655, նույնացման համարը՝ KNAFU4A22A5145516, շարժիչի հզորությունը՝ 156 Ձ.ՈՒ. / 115 ԿՎՏ։ Ավտոմեքենան գտնվում է վթարված վիճակում։ Զննման ընթացքում պարզվել է, որ վթարի հետևանքով վնասվել է ավտոմեքենայի առաջնամասը։ Ավերականգնելի վնասված և դոֆորմացված են՝ շարժիչի ծածկոցը, առջևի կայանարարը, աջ անվաթևի կեղտապաշտպանիչը, առջևի աջ և ետևի ձախ կողմի անվաթևերը, ետևի թափարգելը, ջերմափոխանակիչը, օդափոխիչը։ Առջևի լուսատու լապտերը, հակամառախուղային լապտերը, ճաղավանդակը կոտրված են։ Շարժիչը տեղաշարժված է, դիմահար ապակին՝ կոտրված։ Բանալին բացակայում է։',2850000,2920000,'2024-02-27 00:47:11','2024-03-25 00:00:00',15000,NULL),(223,12,'ԱՎՏՈՄԵՔԵՆԱ NISSAN ALTIMA 1.8','Տեխնիկական անձնագրի համարը՝ SB072377, նույնացման համարը՝ 1N4AL21D38C249577, շարժիչի հզորությունը՝ 188 Ձ.ՈՒ. / 138 ԿՎՏ։ Տրանսպորտային միջոցը տեղազնվել է ակնադիտական եղանակով: Տեղազննության օրվա դրությամբ շարժիչը չի գործադրվել մարտկոցի անսարքության պատճառով։ Թափքի վրա առկա են խազված, քերծված, ներկածածկույթը թափված տեղեր։ Հակամառախուղային լապտերը բացակայում են։ Անվադողերը նորմալ վիճակ, սրահը՝ բավարար։',1212965,NULL,'2024-03-14 08:00:00','2024-03-29 09:15:00',5800,NULL),(224,13,'ԱՎՏՈՄԵՔԵՆԱ MITSUBISHI LANCER 1.6 C','Տեխնիկական անձնագրի համարը՝ KB858811, նույնացման համարը՝ JMBSNCB4ARU506509, շարժիչի հզորությունը՝ 112 Ձ.ՈՒ. / 82 ԿՎՏ։ Ավտոմեքենան գտնվում է վթարված վիճակում: Տրանսպորտային միջոցը տեղազնվել է ակնադիտական եղանակով: Տեղազննության օրվա դրությամբ շարժիչը չի գործադրվել մարտկոցի անսարքության պատճառով։ Թափքի վրա առկա են խազված, քերծված, ներկածածկույթը թափված տեղեր։ Հակամառախուղային լապտերը բացակայում են։ Անվադողերը նորմալ վիճակ, սրահը՝ բավարար։',1000965,NULL,'2024-03-14 08:00:00','2024-03-24 19:15:00',7500,NULL),(225,14,'ԱՎՏՈՄԵՔԵՆԱ SKODA FABIA 1.2','Տեխնիկական անձնագրի համարը՝ KB858811, նույնացման համարը՝ JMBSNCB4ARU506509, շարժիչի հզորությունը՝ 112 Ձ.ՈՒ. / 82 ԿՎՏ։ Ավտոմեքենան գտնվում է վթարված վիճակում: Տրանսպորտային միջոցը տեղազնվել է ակնադիտական եղանակով: Տեղազննության օրվա դրությամբ շարժիչը չի գործադրվել մարտկոցի անսարքության պատճառով։ Թափքի վրա առկա են խազված, քերծված, ներկածածկույթը թափված տեղեր։ Հակամառախուղային լապտերը բացակայում են։ Անվադողերը նորմալ վիճակ, սրահը՝ բավարար։',1500000,NULL,'2024-03-14 08:00:00','2024-03-24 19:15:00',8000,NULL),(226,15,'ԱՎՏՈՄԵՔԵՆԱ FORD COURIER 1.8 D','Տեխնիկական անձնագրի համարը՝ KB858811, նույնացման համարը՝ JMBSNCB4ARU506509, շարժիչի հզորությունը՝ 112 Ձ.ՈՒ. / 82 ԿՎՏ։ Ավտոմեքենան գտնվում է վթարված վիճակում: Տրանսպորտային միջոցը տեղազնվել է ակնադիտական եղանակով: Տեղազննության օրվա դրությամբ շարժիչը չի գործադրվել մարտկոցի անսարքության պատճառով։ Թափքի վրա առկա են խազված, քերծված, ներկածածկույթը թափված տեղեր։ Հակամառախուղային լապտերը բացակայում են։ Անվադողերը նորմալ վիճակ, սրահը՝ բավարար։',1250000,NULL,'2024-03-14 08:00:00','2024-03-24 19:15:00',8000,NULL),(227,16,'ԱՎՏՈՄԵՔԵՆԱ VAZ 21074-120-21.','Տեխնիկական անձնագրի համարը՝ KB858811, նույնացման համարը՝ JMBSNCB4ARU506509, շարժիչի հզորությունը՝ 112 Ձ.ՈՒ. / 82 ԿՎՏ։ Ավտոմեքենան գտնվում է վթարված վիճակում: Տրանսպորտային միջոցը տեղազնվել է ակնադիտական եղանակով: Տեղազննության օրվա դրությամբ շարժիչը չի գործադրվել մարտկոցի անսարքության պատճառով։ Թափքի վրա առկա են խազված, քերծված, ներկածածկույթը թափված տեղեր։ Հակամառախուղային լապտերը բացակայում են։ Անվադողերը նորմալ վիճակ, սրահը՝ բավարար։',450000,NULL,'2024-03-14 08:00:00','2024-03-24 19:15:00',2000,NULL),(228,17,'ԱՎՏՈՄԵՔԵՆԱ VAZ 21214.','Տեխնիկական անձնագրի համարը՝ KB858811, նույնացման համարը՝ JMBSNCB4ARU506509, շարժիչի հզորությունը՝ 112 Ձ.ՈՒ. / 82 ԿՎՏ։ Ավտոմեքենան գտնվում է վթարված վիճակում: Տրանսպորտային միջոցը տեղազնվել է ակնադիտական եղանակով: Տեղազննության օրվա դրությամբ շարժիչը չի գործադրվել մարտկոցի անսարքության պատճառով։ Թափքի վրա առկա են խազված, քերծված, ներկածածկույթը թափված տեղեր։ Հակամառախուղային լապտերը բացակայում են։ Անվադողերը նորմալ վիճակ, սրահը՝ բավարար։',450000,455000,'2024-03-14 08:00:00','2024-03-24 19:15:00',2000,NULL),(233,7,'Ավտոմեքենա KIA OPTIMA 2.5L','Տեխնիկական անձնագրի համարը՝ PB035655, նույնացման համարը՝ KNAFU4A22A5145516, շարժիչի հզորությունը՝ 156 Ձ.ՈՒ. / 115 ԿՎՏ։ Ավտոմեքենան գտնվում է վթարված վիճակում։ Զննման ընթացքում պարզվել է, որ վթարի հետևանքով վնասվել է ավտոմեքենայի առաջնամասը։ Ավերականգնելի վնասված և դոֆորմացված են՝ շարժիչի ծածկոցը, առջևի կայանարարը, աջ անվաթևի կեղտապաշտպանիչը, առջևի աջ և ետևի ձախ կողմի անվաթևերը, ետևի թափարգելը, ջերմափոխանակիչը, օդափոխիչը։ Առջևի լուսատու լապտերը, հակամառախուղային լապտերը, ճաղավանդակը կոտրված են։ Շարժիչը տեղաշարժված է, դիմահար ապակին՝ կոտրված։ Բանալին բացակայում է։',1250000,1263000,'2024-02-27 00:44:53','2024-03-25 00:00:00',12000,NULL),(234,8,'Ավտոմեքենա MERCEDES E250 2.5L','Տեխնիկական անձնագրի համարը՝ PB035655, նույնացման համարը՝ KNAFU4A22A5145516, շարժիչի հզորությունը՝ 156 Ձ.ՈՒ. / 115 ԿՎՏ։ Ավտոմեքենան գտնվում է վթարված վիճակում։ Զննման ընթացքում պարզվել է, որ վթարի հետևանքով վնասվել է ավտոմեքենայի առաջնամասը։ Ավերականգնելի վնասված և դոֆորմացված են՝ շարժիչի ծածկոցը, առջևի կայանարարը, աջ անվաթևի կեղտապաշտպանիչը, առջևի աջ և ետևի ձախ կողմի անվաթևերը, ետևի թափարգելը, ջերմափոխանակիչը, օդափոխիչը։ Առջևի լուսատու լապտերը, հակամառախուղային լապտերը, ճաղավանդակը կոտրված են։ Շարժիչը տեղաշարժված է, դիմահար ապակին՝ կոտրված։ Բանալին բացակայում է։',2550000,2870000,'2024-02-27 00:45:41','2024-03-25 00:00:00',18000,NULL),(235,9,'Ավտոմեքենա MERCEDES G500 5.0L','Տեխնիկական անձնագրի համարը՝ PB035655, նույնացման համարը՝ KNAFU4A22A5145516, շարժիչի հզորությունը՝ 156 Ձ.ՈՒ. / 115 ԿՎՏ։ Ավտոմեքենան գտնվում է վթարված վիճակում։ Զննման ընթացքում պարզվել է, որ վթարի հետևանքով վնասվել է ավտոմեքենայի առաջնամասը։ Ավերականգնելի վնասված և դոֆորմացված են՝ շարժիչի ծածկոցը, առջևի կայանարարը, աջ անվաթևի կեղտապաշտպանիչը, առջևի աջ և ետևի ձախ կողմի անվաթևերը, ետևի թափարգելը, ջերմափոխանակիչը, օդափոխիչը։ Առջևի լուսատու լապտերը, հակամառախուղային լապտերը, ճաղավանդակը կոտրված են։ Շարժիչը տեղաշարժված է, դիմահար ապակին՝ կոտրված։ Բանալին բացակայում է։',18000000,18053000,'2024-02-27 00:46:13','2024-03-25 00:00:00',25000,NULL),(236,10,'Ավտոմեքենա OPEL Astra G  1.6L','Տեխնիկական անձնագրի համարը՝ PB035655, նույնացման համարը՝ KNAFU4A22A5145516, շարժիչի հզորությունը՝ 156 Ձ.ՈՒ. / 115 ԿՎՏ։ Ավտոմեքենան գտնվում է վթարված վիճակում։ Զննման ընթացքում պարզվել է, որ վթարի հետևանքով վնասվել է ավտոմեքենայի առաջնամասը։ Ավերականգնելի վնասված և դոֆորմացված են՝ շարժիչի ծածկոցը, առջևի կայանարարը, աջ անվաթևի կեղտապաշտպանիչը, առջևի աջ և ետևի ձախ կողմի անվաթևերը, ետևի թափարգելը, ջերմափոխանակիչը, օդափոխիչը։ Առջևի լուսատու լապտերը, հակամառախուղային լապտերը, ճաղավանդակը կոտրված են։ Շարժիչը տեղաշարժված է, դիմահար ապակին՝ կոտրված։ Բանալին բացակայում է։',850000,865000,'2024-02-27 00:46:46','2024-03-25 00:00:00',5000,NULL),(237,11,'Ավտոմեքենա 3 SERIES  3.0L','Տեխնիկական անձնագրի համարը՝ PB035655, նույնացման համարը՝ KNAFU4A22A5145516, շարժիչի հզորությունը՝ 156 Ձ.ՈՒ. / 115 ԿՎՏ։ Ավտոմեքենան գտնվում է վթարված վիճակում։ Զննման ընթացքում պարզվել է, որ վթարի հետևանքով վնասվել է ավտոմեքենայի առաջնամասը։ Ավերականգնելի վնասված և դոֆորմացված են՝ շարժիչի ծածկոցը, առջևի կայանարարը, աջ անվաթևի կեղտապաշտպանիչը, առջևի աջ և ետևի ձախ կողմի անվաթևերը, ետևի թափարգելը, ջերմափոխանակիչը, օդափոխիչը։ Առջևի լուսատու լապտերը, հակամառախուղային լապտերը, ճաղավանդակը կոտրված են։ Շարժիչը տեղաշարժված է, դիմահար ապակին՝ կոտրված։ Բանալին բացակայում է։',2850000,2920000,'2024-02-27 00:47:11','2024-03-25 00:00:00',15000,NULL),(238,12,'ԱՎՏՈՄԵՔԵՆԱ NISSAN ALTIMA 1.8','Տեխնիկական անձնագրի համարը՝ SB072377, նույնացման համարը՝ 1N4AL21D38C249577, շարժիչի հզորությունը՝ 188 Ձ.ՈՒ. / 138 ԿՎՏ։ Տրանսպորտային միջոցը տեղազնվել է ակնադիտական եղանակով: Տեղազննության օրվա դրությամբ շարժիչը չի գործադրվել մարտկոցի անսարքության պատճառով։ Թափքի վրա առկա են խազված, քերծված, ներկածածկույթը թափված տեղեր։ Հակամառախուղային լապտերը բացակայում են։ Անվադողերը նորմալ վիճակ, սրահը՝ բավարար։',1212965,NULL,'2024-03-14 08:00:00','2024-03-29 09:15:00',5800,NULL),(239,13,'ԱՎՏՈՄԵՔԵՆԱ MITSUBISHI LANCER 1.6 C','Տեխնիկական անձնագրի համարը՝ KB858811, նույնացման համարը՝ JMBSNCB4ARU506509, շարժիչի հզորությունը՝ 112 Ձ.ՈՒ. / 82 ԿՎՏ։ Ավտոմեքենան գտնվում է վթարված վիճակում: Տրանսպորտային միջոցը տեղազնվել է ակնադիտական եղանակով: Տեղազննության օրվա դրությամբ շարժիչը չի գործադրվել մարտկոցի անսարքության պատճառով։ Թափքի վրա առկա են խազված, քերծված, ներկածածկույթը թափված տեղեր։ Հակամառախուղային լապտերը բացակայում են։ Անվադողերը նորմալ վիճակ, սրահը՝ բավարար։',1000965,NULL,'2024-03-14 08:00:00','2024-03-24 19:15:00',7500,NULL),(240,14,'ԱՎՏՈՄԵՔԵՆԱ SKODA FABIA 1.2','Տեխնիկական անձնագրի համարը՝ KB858811, նույնացման համարը՝ JMBSNCB4ARU506509, շարժիչի հզորությունը՝ 112 Ձ.ՈՒ. / 82 ԿՎՏ։ Ավտոմեքենան գտնվում է վթարված վիճակում: Տրանսպորտային միջոցը տեղազնվել է ակնադիտական եղանակով: Տեղազննության օրվա դրությամբ շարժիչը չի գործադրվել մարտկոցի անսարքության պատճառով։ Թափքի վրա առկա են խազված, քերծված, ներկածածկույթը թափված տեղեր։ Հակամառախուղային լապտերը բացակայում են։ Անվադողերը նորմալ վիճակ, սրահը՝ բավարար։',1500000,NULL,'2024-03-14 08:00:00','2024-03-24 19:15:00',8000,NULL),(241,15,'ԱՎՏՈՄԵՔԵՆԱ FORD COURIER 1.8 D','Տեխնիկական անձնագրի համարը՝ KB858811, նույնացման համարը՝ JMBSNCB4ARU506509, շարժիչի հզորությունը՝ 112 Ձ.ՈՒ. / 82 ԿՎՏ։ Ավտոմեքենան գտնվում է վթարված վիճակում: Տրանսպորտային միջոցը տեղազնվել է ակնադիտական եղանակով: Տեղազննության օրվա դրությամբ շարժիչը չի գործադրվել մարտկոցի անսարքության պատճառով։ Թափքի վրա առկա են խազված, քերծված, ներկածածկույթը թափված տեղեր։ Հակամառախուղային լապտերը բացակայում են։ Անվադողերը նորմալ վիճակ, սրահը՝ բավարար։',1250000,NULL,'2024-03-14 08:00:00','2024-03-24 19:15:00',8000,NULL),(242,16,'ԱՎՏՈՄԵՔԵՆԱ VAZ 21074-120-21.','Տեխնիկական անձնագրի համարը՝ KB858811, նույնացման համարը՝ JMBSNCB4ARU506509, շարժիչի հզորությունը՝ 112 Ձ.ՈՒ. / 82 ԿՎՏ։ Ավտոմեքենան գտնվում է վթարված վիճակում: Տրանսպորտային միջոցը տեղազնվել է ակնադիտական եղանակով: Տեղազննության օրվա դրությամբ շարժիչը չի գործադրվել մարտկոցի անսարքության պատճառով։ Թափքի վրա առկա են խազված, քերծված, ներկածածկույթը թափված տեղեր։ Հակամառախուղային լապտերը բացակայում են։ Անվադողերը նորմալ վիճակ, սրահը՝ բավարար։',450000,NULL,'2024-03-14 08:00:00','2024-03-24 19:15:00',2000,NULL),(243,17,'ԱՎՏՈՄԵՔԵՆԱ VAZ 21214.','Տեխնիկական անձնագրի համարը՝ KB858811, նույնացման համարը՝ JMBSNCB4ARU506509, շարժիչի հզորությունը՝ 112 Ձ.ՈՒ. / 82 ԿՎՏ։ Ավտոմեքենան գտնվում է վթարված վիճակում: Տրանսպորտային միջոցը տեղազնվել է ակնադիտական եղանակով: Տեղազննության օրվա դրությամբ շարժիչը չի գործադրվել մարտկոցի անսարքության պատճառով։ Թափքի վրա առկա են խազված, քերծված, ներկածածկույթը թափված տեղեր։ Հակամառախուղային լապտերը բացակայում են։ Անվադողերը նորմալ վիճակ, սրահը՝ բավարար։',450000,455000,'2024-03-14 08:00:00','2024-03-24 19:15:00',2000,NULL),(248,7,'Ավտոմեքենա KIA OPTIMA 2.5L','Տեխնիկական անձնագրի համարը՝ PB035655, նույնացման համարը՝ KNAFU4A22A5145516, շարժիչի հզորությունը՝ 156 Ձ.ՈՒ. / 115 ԿՎՏ։ Ավտոմեքենան գտնվում է վթարված վիճակում։ Զննման ընթացքում պարզվել է, որ վթարի հետևանքով վնասվել է ավտոմեքենայի առաջնամասը։ Ավերականգնելի վնասված և դոֆորմացված են՝ շարժիչի ծածկոցը, առջևի կայանարարը, աջ անվաթևի կեղտապաշտպանիչը, առջևի աջ և ետևի ձախ կողմի անվաթևերը, ետևի թափարգելը, ջերմափոխանակիչը, օդափոխիչը։ Առջևի լուսատու լապտերը, հակամառախուղային լապտերը, ճաղավանդակը կոտրված են։ Շարժիչը տեղաշարժված է, դիմահար ապակին՝ կոտրված։ Բանալին բացակայում է։',1250000,1263000,'2024-02-27 00:44:53','2024-03-25 00:00:00',12000,NULL),(249,8,'Ավտոմեքենա MERCEDES E250 2.5L','Տեխնիկական անձնագրի համարը՝ PB035655, նույնացման համարը՝ KNAFU4A22A5145516, շարժիչի հզորությունը՝ 156 Ձ.ՈՒ. / 115 ԿՎՏ։ Ավտոմեքենան գտնվում է վթարված վիճակում։ Զննման ընթացքում պարզվել է, որ վթարի հետևանքով վնասվել է ավտոմեքենայի առաջնամասը։ Ավերականգնելի վնասված և դոֆորմացված են՝ շարժիչի ծածկոցը, առջևի կայանարարը, աջ անվաթևի կեղտապաշտպանիչը, առջևի աջ և ետևի ձախ կողմի անվաթևերը, ետևի թափարգելը, ջերմափոխանակիչը, օդափոխիչը։ Առջևի լուսատու լապտերը, հակամառախուղային լապտերը, ճաղավանդակը կոտրված են։ Շարժիչը տեղաշարժված է, դիմահար ապակին՝ կոտրված։ Բանալին բացակայում է։',2550000,2870000,'2024-02-27 00:45:41','2024-03-25 00:00:00',18000,NULL),(250,9,'Ավտոմեքենա MERCEDES G500 5.0L','Տեխնիկական անձնագրի համարը՝ PB035655, նույնացման համարը՝ KNAFU4A22A5145516, շարժիչի հզորությունը՝ 156 Ձ.ՈՒ. / 115 ԿՎՏ։ Ավտոմեքենան գտնվում է վթարված վիճակում։ Զննման ընթացքում պարզվել է, որ վթարի հետևանքով վնասվել է ավտոմեքենայի առաջնամասը։ Ավերականգնելի վնասված և դոֆորմացված են՝ շարժիչի ծածկոցը, առջևի կայանարարը, աջ անվաթևի կեղտապաշտպանիչը, առջևի աջ և ետևի ձախ կողմի անվաթևերը, ետևի թափարգելը, ջերմափոխանակիչը, օդափոխիչը։ Առջևի լուսատու լապտերը, հակամառախուղային լապտերը, ճաղավանդակը կոտրված են։ Շարժիչը տեղաշարժված է, դիմահար ապակին՝ կոտրված։ Բանալին բացակայում է։',18000000,18053000,'2024-02-27 00:46:13','2024-03-25 00:00:00',25000,NULL),(251,10,'Ավտոմեքենա OPEL Astra G  1.6L','Տեխնիկական անձնագրի համարը՝ PB035655, նույնացման համարը՝ KNAFU4A22A5145516, շարժիչի հզորությունը՝ 156 Ձ.ՈՒ. / 115 ԿՎՏ։ Ավտոմեքենան գտնվում է վթարված վիճակում։ Զննման ընթացքում պարզվել է, որ վթարի հետևանքով վնասվել է ավտոմեքենայի առաջնամասը։ Ավերականգնելի վնասված և դոֆորմացված են՝ շարժիչի ծածկոցը, առջևի կայանարարը, աջ անվաթևի կեղտապաշտպանիչը, առջևի աջ և ետևի ձախ կողմի անվաթևերը, ետևի թափարգելը, ջերմափոխանակիչը, օդափոխիչը։ Առջևի լուսատու լապտերը, հակամառախուղային լապտերը, ճաղավանդակը կոտրված են։ Շարժիչը տեղաշարժված է, դիմահար ապակին՝ կոտրված։ Բանալին բացակայում է։',850000,865000,'2024-02-27 00:46:46','2024-03-25 00:00:00',5000,NULL),(252,11,'Ավտոմեքենա 3 SERIES  3.0L','Տեխնիկական անձնագրի համարը՝ PB035655, նույնացման համարը՝ KNAFU4A22A5145516, շարժիչի հզորությունը՝ 156 Ձ.ՈՒ. / 115 ԿՎՏ։ Ավտոմեքենան գտնվում է վթարված վիճակում։ Զննման ընթացքում պարզվել է, որ վթարի հետևանքով վնասվել է ավտոմեքենայի առաջնամասը։ Ավերականգնելի վնասված և դոֆորմացված են՝ շարժիչի ծածկոցը, առջևի կայանարարը, աջ անվաթևի կեղտապաշտպանիչը, առջևի աջ և ետևի ձախ կողմի անվաթևերը, ետևի թափարգելը, ջերմափոխանակիչը, օդափոխիչը։ Առջևի լուսատու լապտերը, հակամառախուղային լապտերը, ճաղավանդակը կոտրված են։ Շարժիչը տեղաշարժված է, դիմահար ապակին՝ կոտրված։ Բանալին բացակայում է։',2850000,2920000,'2024-02-27 00:47:11','2024-03-25 00:00:00',15000,NULL),(253,12,'ԱՎՏՈՄԵՔԵՆԱ NISSAN ALTIMA 1.8','Տեխնիկական անձնագրի համարը՝ SB072377, նույնացման համարը՝ 1N4AL21D38C249577, շարժիչի հզորությունը՝ 188 Ձ.ՈՒ. / 138 ԿՎՏ։ Տրանսպորտային միջոցը տեղազնվել է ակնադիտական եղանակով: Տեղազննության օրվա դրությամբ շարժիչը չի գործադրվել մարտկոցի անսարքության պատճառով։ Թափքի վրա առկա են խազված, քերծված, ներկածածկույթը թափված տեղեր։ Հակամառախուղային լապտերը բացակայում են։ Անվադողերը նորմալ վիճակ, սրահը՝ բավարար։',1212965,NULL,'2024-03-14 08:00:00','2024-03-29 09:15:00',5800,NULL),(254,13,'ԱՎՏՈՄԵՔԵՆԱ MITSUBISHI LANCER 1.6 C','Տեխնիկական անձնագրի համարը՝ KB858811, նույնացման համարը՝ JMBSNCB4ARU506509, շարժիչի հզորությունը՝ 112 Ձ.ՈՒ. / 82 ԿՎՏ։ Ավտոմեքենան գտնվում է վթարված վիճակում: Տրանսպորտային միջոցը տեղազնվել է ակնադիտական եղանակով: Տեղազննության օրվա դրությամբ շարժիչը չի գործադրվել մարտկոցի անսարքության պատճառով։ Թափքի վրա առկա են խազված, քերծված, ներկածածկույթը թափված տեղեր։ Հակամառախուղային լապտերը բացակայում են։ Անվադողերը նորմալ վիճակ, սրահը՝ բավարար։',1000965,NULL,'2024-03-14 08:00:00','2024-03-24 19:15:00',7500,NULL),(255,14,'ԱՎՏՈՄԵՔԵՆԱ SKODA FABIA 1.2','Տեխնիկական անձնագրի համարը՝ KB858811, նույնացման համարը՝ JMBSNCB4ARU506509, շարժիչի հզորությունը՝ 112 Ձ.ՈՒ. / 82 ԿՎՏ։ Ավտոմեքենան գտնվում է վթարված վիճակում: Տրանսպորտային միջոցը տեղազնվել է ակնադիտական եղանակով: Տեղազննության օրվա դրությամբ շարժիչը չի գործադրվել մարտկոցի անսարքության պատճառով։ Թափքի վրա առկա են խազված, քերծված, ներկածածկույթը թափված տեղեր։ Հակամառախուղային լապտերը բացակայում են։ Անվադողերը նորմալ վիճակ, սրահը՝ բավարար։',1500000,NULL,'2024-03-14 08:00:00','2024-03-24 19:15:00',8000,NULL),(256,15,'ԱՎՏՈՄԵՔԵՆԱ FORD COURIER 1.8 D','Տեխնիկական անձնագրի համարը՝ KB858811, նույնացման համարը՝ JMBSNCB4ARU506509, շարժիչի հզորությունը՝ 112 Ձ.ՈՒ. / 82 ԿՎՏ։ Ավտոմեքենան գտնվում է վթարված վիճակում: Տրանսպորտային միջոցը տեղազնվել է ակնադիտական եղանակով: Տեղազննության օրվա դրությամբ շարժիչը չի գործադրվել մարտկոցի անսարքության պատճառով։ Թափքի վրա առկա են խազված, քերծված, ներկածածկույթը թափված տեղեր։ Հակամառախուղային լապտերը բացակայում են։ Անվադողերը նորմալ վիճակ, սրահը՝ բավարար։',1250000,NULL,'2024-03-14 08:00:00','2024-03-24 19:15:00',8000,NULL),(257,16,'ԱՎՏՈՄԵՔԵՆԱ VAZ 21074-120-21.','Տեխնիկական անձնագրի համարը՝ KB858811, նույնացման համարը՝ JMBSNCB4ARU506509, շարժիչի հզորությունը՝ 112 Ձ.ՈՒ. / 82 ԿՎՏ։ Ավտոմեքենան գտնվում է վթարված վիճակում: Տրանսպորտային միջոցը տեղազնվել է ակնադիտական եղանակով: Տեղազննության օրվա դրությամբ շարժիչը չի գործադրվել մարտկոցի անսարքության պատճառով։ Թափքի վրա առկա են խազված, քերծված, ներկածածկույթը թափված տեղեր։ Հակամառախուղային լապտերը բացակայում են։ Անվադողերը նորմալ վիճակ, սրահը՝ բավարար։',450000,NULL,'2024-03-14 08:00:00','2024-03-24 19:15:00',2000,NULL),(258,17,'ԱՎՏՈՄԵՔԵՆԱ VAZ 21214.','Տեխնիկական անձնագրի համարը՝ KB858811, նույնացման համարը՝ JMBSNCB4ARU506509, շարժիչի հզորությունը՝ 112 Ձ.ՈՒ. / 82 ԿՎՏ։ Ավտոմեքենան գտնվում է վթարված վիճակում: Տրանսպորտային միջոցը տեղազնվել է ակնադիտական եղանակով: Տեղազննության օրվա դրությամբ շարժիչը չի գործադրվել մարտկոցի անսարքության պատճառով։ Թափքի վրա առկա են խազված, քերծված, ներկածածկույթը թափված տեղեր։ Հակամառախուղային լապտերը բացակայում են։ Անվադողերը նորմալ վիճակ, սրահը՝ բավարար։',450000,455000,'2024-03-14 08:00:00','2024-03-24 19:15:00',2000,NULL);
/*!40000 ALTER TABLE `achieved_auctions` ENABLE KEYS */;
UNLOCK TABLES;

--
-- Table structure for table `auction`
--

DROP TABLE IF EXISTS `auction`;
/*!40101 SET @saved_cs_client     = @@character_set_client */;
/*!50503 SET character_set_client = utf8mb4 */;
CREATE TABLE `auction` (
  `id` int NOT NULL AUTO_INCREMENT,
  `title` varchar(100) NOT NULL,
  `description` varchar(1000) DEFAULT NULL,
  `price` int NOT NULL,
  `end_price` int DEFAULT NULL,
  `auction_start` datetime NOT NULL,
  `auction_end` datetime DEFAULT NULL,
  `min_step` int DEFAULT NULL,
  PRIMARY KEY (`id`)
) ENGINE=InnoDB AUTO_INCREMENT=18 DEFAULT CHARSET=utf8mb4 COLLATE=utf8mb4_0900_ai_ci;
/*!40101 SET character_set_client = @saved_cs_client */;

--
-- Dumping data for table `auction`
--

LOCK TABLES `auction` WRITE;
/*!40000 ALTER TABLE `auction` DISABLE KEYS */;
INSERT INTO `auction` VALUES (7,'Ավտոմեքենա KIA OPTIMA 2.5L','Տեխնիկական անձնագրի համարը՝ PB035655, նույնացման համարը՝ KNAFU4A22A5145516, շարժիչի հզորությունը՝ 156 Ձ.ՈՒ. / 115 ԿՎՏ։ Ավտոմեքենան գտնվում է վթարված վիճակում։ Զննման ընթացքում պարզվել է, որ վթարի հետևանքով վնասվել է ավտոմեքենայի առաջնամասը։ Ավերականգնելի վնասված և դոֆորմացված են՝ շարժիչի ծածկոցը, առջևի կայանարարը, աջ անվաթևի կեղտապաշտպանիչը, առջևի աջ և ետևի ձախ կողմի անվաթևերը, ետևի թափարգելը, ջերմափոխանակիչը, օդափոխիչը։ Առջևի լուսատու լապտերը, հակամառախուղային լապտերը, ճաղավանդակը կոտրված են։ Շարժիչը տեղաշարժված է, դիմահար ապակին՝ կոտրված։ Բանալին բացակայում է։',1250000,1263000,'2024-02-27 00:44:53','2024-08-25 14:30:00',12000),(8,'Ավտոմեքենա MERCEDES E250 2.5L','Տեխնիկական անձնագրի համարը՝ PB035655, նույնացման համարը՝ KNAFU4A22A5145516, շարժիչի հզորությունը՝ 156 Ձ.ՈՒ. / 115 ԿՎՏ։ Ավտոմեքենան գտնվում է վթարված վիճակում։ Զննման ընթացքում պարզվել է, որ վթարի հետևանքով վնասվել է ավտոմեքենայի առաջնամասը։ Ավերականգնելի վնասված և դոֆորմացված են՝ շարժիչի ծածկոցը, առջևի կայանարարը, աջ անվաթևի կեղտապաշտպանիչը, առջևի աջ և ետևի ձախ կողմի անվաթևերը, ետևի թափարգելը, ջերմափոխանակիչը, օդափոխիչը։ Առջևի լուսատու լապտերը, հակամառախուղային լապտերը, ճաղավանդակը կոտրված են։ Շարժիչը տեղաշարժված է, դիմահար ապակին՝ կոտրված։ Բանալին բացակայում է։',2550000,2980000,'2024-02-27 00:45:41','2024-08-25 14:30:00',18000),(9,'Ավտոմեքենա MERCEDES G500 5.0L','Տեխնիկական անձնագրի համարը՝ PB035655, նույնացման համարը՝ KNAFU4A22A5145516, շարժիչի հզորությունը՝ 156 Ձ.ՈՒ. / 115 ԿՎՏ։ Ավտոմեքենան գտնվում է վթարված վիճակում։ Զննման ընթացքում պարզվել է, որ վթարի հետևանքով վնասվել է ավտոմեքենայի առաջնամասը։ Ավերականգնելի վնասված և դոֆորմացված են՝ շարժիչի ծածկոցը, առջևի կայանարարը, աջ անվաթևի կեղտապաշտպանիչը, առջևի աջ և ետևի ձախ կողմի անվաթևերը, ետևի թափարգելը, ջերմափոխանակիչը, օդափոխիչը։ Առջևի լուսատու լապտերը, հակամառախուղային լապտերը, ճաղավանդակը կոտրված են։ Շարժիչը տեղաշարժված է, դիմահար ապակին՝ կոտրված։ Բանալին բացակայում է։',18000000,18053000,'2024-02-27 00:46:13','2024-08-25 14:30:00',25000),(10,'Ավտոմեքենա OPEL Astra G  1.6L','Տեխնիկական անձնագրի համարը՝ PB035655, նույնացման համարը՝ KNAFU4A22A5145516, շարժիչի հզորությունը՝ 156 Ձ.ՈՒ. / 115 ԿՎՏ։ Ավտոմեքենան գտնվում է վթարված վիճակում։ Զննման ընթացքում պարզվել է, որ վթարի հետևանքով վնասվել է ավտոմեքենայի առաջնամասը։ Ավերականգնելի վնասված և դոֆորմացված են՝ շարժիչի ծածկոցը, առջևի կայանարարը, աջ անվաթևի կեղտապաշտպանիչը, առջևի աջ և ետևի ձախ կողմի անվաթևերը, ետևի թափարգելը, ջերմափոխանակիչը, օդափոխիչը։ Առջևի լուսատու լապտերը, հակամառախուղային լապտերը, ճաղավանդակը կոտրված են։ Շարժիչը տեղաշարժված է, դիմահար ապակին՝ կոտրված։ Բանալին բացակայում է։',850000,865000,'2024-02-27 00:46:46','2024-08-25 14:30:00',5000),(11,'Ավտոմեքենա 3 SERIES  3.0L','Տեխնիկական անձնագրի համարը՝ PB035655, նույնացման համարը՝ KNAFU4A22A5145516, շարժիչի հզորությունը՝ 156 Ձ.ՈՒ. / 115 ԿՎՏ։ Ավտոմեքենան գտնվում է վթարված վիճակում։ Զննման ընթացքում պարզվել է, որ վթարի հետևանքով վնասվել է ավտոմեքենայի առաջնամասը։ Ավերականգնելի վնասված և դոֆորմացված են՝ շարժիչի ծածկոցը, առջևի կայանարարը, աջ անվաթևի կեղտապաշտպանիչը, առջևի աջ և ետևի ձախ կողմի անվաթևերը, ետևի թափարգելը, ջերմափոխանակիչը, օդափոխիչը։ Առջևի լուսատու լապտերը, հակամառախուղային լապտերը, ճաղավանդակը կոտրված են։ Շարժիչը տեղաշարժված է, դիմահար ապակին՝ կոտրված։ Բանալին բացակայում է։',2850000,2920000,'2024-02-27 00:47:11','2024-08-25 14:30:00',15000),(12,'ԱՎՏՈՄԵՔԵՆԱ NISSAN ALTIMA 1.8','Տեխնիկական անձնագրի համարը՝ SB072377, նույնացման համարը՝ 1N4AL21D38C249577, շարժիչի հզորությունը՝ 188 Ձ.ՈՒ. / 138 ԿՎՏ։ Տրանսպորտային միջոցը տեղազնվել է ակնադիտական եղանակով: Տեղազննության օրվա դրությամբ շարժիչը չի գործադրվել մարտկոցի անսարքության պատճառով։ Թափքի վրա առկա են խազված, քերծված, ներկածածկույթը թափված տեղեր։ Հակամառախուղային լապտերը բացակայում են։ Անվադողերը նորմալ վիճակ, սրահը՝ բավարար։',1212965,1219000,'2024-03-14 08:00:00','2024-08-25 14:30:00',5800),(13,'ԱՎՏՈՄԵՔԵՆԱ MITSUBISHI LANCER 1.6 C','Տեխնիկական անձնագրի համարը՝ KB858811, նույնացման համարը՝ JMBSNCB4ARU506509, շարժիչի հզորությունը՝ 112 Ձ.ՈՒ. / 82 ԿՎՏ։ Ավտոմեքենան գտնվում է վթարված վիճակում: Տրանսպորտային միջոցը տեղազնվել է ակնադիտական եղանակով: Տեղազննության օրվա դրությամբ շարժիչը չի գործադրվել մարտկոցի անսարքության պատճառով։ Թափքի վրա առկա են խազված, քերծված, ներկածածկույթը թափված տեղեր։ Հակամառախուղային լապտերը բացակայում են։ Անվադողերը նորմալ վիճակ, սրահը՝ բավարար։',1000965,1008500,'2024-03-14 08:00:00','2024-08-25 14:30:00',7500),(14,'ԱՎՏՈՄԵՔԵՆԱ SKODA FABIA 1.2','Տեխնիկական անձնագրի համարը՝ KB858811, նույնացման համարը՝ JMBSNCB4ARU506509, շարժիչի հզորությունը՝ 112 Ձ.ՈՒ. / 82 ԿՎՏ։ Ավտոմեքենան գտնվում է վթարված վիճակում: Տրանսպորտային միջոցը տեղազնվել է ակնադիտական եղանակով: Տեղազննության օրվա դրությամբ շարժիչը չի գործադրվել մարտկոցի անսարքության պատճառով։ Թափքի վրա առկա են խազված, քերծված, ներկածածկույթը թափված տեղեր։ Հակամառախուղային լապտերը բացակայում են։ Անվադողերը նորմալ վիճակ, սրահը՝ բավարար։',1500000,NULL,'2024-03-14 08:00:00','2024-08-25 14:30:00',8000),(15,'ԱՎՏՈՄԵՔԵՆԱ FORD COURIER 1.8 D','Տեխնիկական անձնագրի համարը՝ KB858811, նույնացման համարը՝ JMBSNCB4ARU506509, շարժիչի հզորությունը՝ 112 Ձ.ՈՒ. / 82 ԿՎՏ։ Ավտոմեքենան գտնվում է վթարված վիճակում: Տրանսպորտային միջոցը տեղազնվել է ակնադիտական եղանակով: Տեղազննության օրվա դրությամբ շարժիչը չի գործադրվել մարտկոցի անսարքության պատճառով։ Թափքի վրա առկա են խազված, քերծված, ներկածածկույթը թափված տեղեր։ Հակամառախուղային լապտերը բացակայում են։ Անվադողերը նորմալ վիճակ, սրահը՝ բավարար։',1250000,NULL,'2024-03-14 08:00:00','2024-08-25 14:30:00',8000),(16,'ԱՎՏՈՄԵՔԵՆԱ VAZ 21074-120-21.','Տեխնիկական անձնագրի համարը՝ KB858811, նույնացման համարը՝ JMBSNCB4ARU506509, շարժիչի հզորությունը՝ 112 Ձ.ՈՒ. / 82 ԿՎՏ։ Ավտոմեքենան գտնվում է վթարված վիճակում: Տրանսպորտային միջոցը տեղազնվել է ակնադիտական եղանակով: Տեղազննության օրվա դրությամբ շարժիչը չի գործադրվել մարտկոցի անսարքության պատճառով։ Թափքի վրա առկա են խազված, քերծված, ներկածածկույթը թափված տեղեր։ Հակամառախուղային լապտերը բացակայում են։ Անվադողերը նորմալ վիճակ, սրահը՝ բավարար։',450000,NULL,'2024-03-14 08:00:00','2024-08-25 14:30:00',2000),(17,'ԱՎՏՈՄԵՔԵՆԱ VAZ 21214.','Տեխնիկական անձնագրի համարը՝ KB858811, նույնացման համարը՝ JMBSNCB4ARU506509, շարժիչի հզորությունը՝ 112 Ձ.ՈՒ. / 82 ԿՎՏ։ Ավտոմեքենան գտնվում է վթարված վիճակում: Տրանսպորտային միջոցը տեղազնվել է ակնադիտական եղանակով: Տեղազննության օրվա դրությամբ շարժիչը չի գործադրվել մարտկոցի անսարքության պատճառով։ Թափքի վրա առկա են խազված, քերծված, ներկածածկույթը թափված տեղեր։ Հակամառախուղային լապտերը բացակայում են։ Անվադողերը նորմալ վիճակ, սրահը՝ բավարար։',450000,455000,'2024-03-14 08:00:00','2024-08-25 14:30:00',2000);
/*!40000 ALTER TABLE `auction` ENABLE KEYS */;
UNLOCK TABLES;
/*!50003 SET @saved_cs_client      = @@character_set_client */ ;
/*!50003 SET @saved_cs_results     = @@character_set_results */ ;
/*!50003 SET @saved_col_connection = @@collation_connection */ ;
/*!50003 SET character_set_client  = utf8mb4 */ ;
/*!50003 SET character_set_results = utf8mb4 */ ;
/*!50003 SET collation_connection  = utf8mb4_0900_ai_ci */ ;
/*!50003 SET @saved_sql_mode       = @@sql_mode */ ;
/*!50003 SET sql_mode              = 'ONLY_FULL_GROUP_BY,STRICT_TRANS_TABLES,NO_ZERO_IN_DATE,NO_ZERO_DATE,ERROR_FOR_DIVISION_BY_ZERO,NO_ENGINE_SUBSTITUTION' */ ;
DELIMITER ;;
/*!50003 CREATE*/ /*!50017 DEFINER=`root`@`localhost`*/ /*!50003 TRIGGER `after_auction_insert` AFTER INSERT ON `auction` FOR EACH ROW BEGIN
    CALL MoveExpiredAuctions();
END */;;
DELIMITER ;
/*!50003 SET sql_mode              = @saved_sql_mode */ ;
/*!50003 SET character_set_client  = @saved_cs_client */ ;
/*!50003 SET character_set_results = @saved_cs_results */ ;
/*!50003 SET collation_connection  = @saved_col_connection */ ;

--
-- Table structure for table `auction_cart`
--

DROP TABLE IF EXISTS `auction_cart`;
/*!40101 SET @saved_cs_client     = @@character_set_client */;
/*!50503 SET character_set_client = utf8mb4 */;
CREATE TABLE `auction_cart` (
  `id` int NOT NULL AUTO_INCREMENT,
  `auction_id` int DEFAULT NULL,
  `user_id` int DEFAULT NULL,
  `price` int NOT NULL,
  PRIMARY KEY (`id`),
  KEY `auction_id` (`auction_id`),
  KEY `user_id` (`user_id`),
  CONSTRAINT `auction_cart_ibfk_1` FOREIGN KEY (`auction_id`) REFERENCES `auction` (`id`),
  CONSTRAINT `auction_cart_ibfk_2` FOREIGN KEY (`user_id`) REFERENCES `users` (`id`)
) ENGINE=InnoDB AUTO_INCREMENT=13 DEFAULT CHARSET=utf8mb4 COLLATE=utf8mb4_0900_ai_ci;
/*!40101 SET character_set_client = @saved_cs_client */;

--
-- Dumping data for table `auction_cart`
--

LOCK TABLES `auction_cart` WRITE;
/*!40000 ALTER TABLE `auction_cart` DISABLE KEYS */;
INSERT INTO `auction_cart` VALUES (1,9,2,18025000),(2,8,2,2830000),(3,8,2,2849000),(4,7,2,1263000),(5,8,2,2870000),(6,9,2,18053000),(7,17,3,452000),(8,17,2,455000),(9,17,2,455000),(10,8,17,2980000),(11,12,17,1219000),(12,13,21,1008500);
/*!40000 ALTER TABLE `auction_cart` ENABLE KEYS */;
UNLOCK TABLES;

--
-- Table structure for table `users`
--

DROP TABLE IF EXISTS `users`;
/*!40101 SET @saved_cs_client     = @@character_set_client */;
/*!50503 SET character_set_client = utf8mb4 */;
CREATE TABLE `users` (
  `id` int NOT NULL AUTO_INCREMENT,
  `username` varchar(80) NOT NULL,
  `password` varchar(80) NOT NULL,
  `registration_date` timestamp NOT NULL DEFAULT CURRENT_TIMESTAMP,
  `refresh_token` varchar(300) DEFAULT NULL,
  `email` varchar(100) DEFAULT NULL,
  PRIMARY KEY (`id`)
) ENGINE=InnoDB AUTO_INCREMENT=30 DEFAULT CHARSET=utf8mb4 COLLATE=utf8mb4_0900_ai_ci;
/*!40101 SET character_set_client = @saved_cs_client */;

--
-- Dumping data for table `users`
--

LOCK TABLES `users` WRITE;
/*!40000 ALTER TABLE `users` DISABLE KEYS */;
INSERT INTO `users` VALUES (1,'arman2013','12345678','2024-02-02 20:45:29',NULL,NULL),(2,'admin','qwertyuiop','2024-02-02 20:49:09',NULL,NULL),(3,'petros2024','11111111','2024-02-02 20:50:26',NULL,NULL),(4,'petos','$2b$10$GaVo3zDiq9GXAGui2I4openEtiTP9hQZJmj1hFe3cKJRDyiC8lZge','2024-06-28 20:39:15',NULL,'gagos'),(5,'gangster','$2b$10$fzB0.EIXqDbRFp0O3uf3q.QzqFJ7GIBGa.IJEFPKPiUoQEVflm2vu','2024-06-28 20:43:22','eyJhbGciOiJIUzI1NiIsInR5cCI6IkpXVCJ9.eyJ1c2VybmFtZSI6ImdhbmdzdGVyIiwiZW1haWwiOiJnYW5nc3Rlcm92aWNoIiwicGFzc3dvcmQiOiJnYW5nc3RlckBnbWFpbC5jb20iLCJpYXQiOjE3MTk2MDc0MDMsImV4cCI6MTcyMDIxMjIwM30.czCcnKbifzelnT2qPze5l0caCRu7zTbQI_DJ8w-DqB0','gangsterovich'),(6,'gagulik','$2b$10$TamtDd9ZSojsJ7rhW2hXBeZubtMjM7zKNFGTrhe6mpouw.z2Sljii','2024-07-03 16:56:38','eyJhbGciOiJIUzI1NiIsInR5cCI6IkpXVCJ9.eyJ1c2VybmFtZSI6ImdhZ3VsaWsiLCJlbWFpbCI6ImdhZ3VsaWtAZ21haWwuY29tIiwicGFzc3dvcmQiOiJnYWd1bGlrMjAyNCIsImlhdCI6MTcyMDAyNTc5OCwiZXhwIjoxNzIwNjMwNTk4fQ.xYdg-CS4ur6yR1WiDjt22hTvRc0EpdhugKu5yFahiUw','gagulik@gmail.com'),(7,'gagulikk','$2b$10$iLqj9kGaHKbfL6z5xj0qqOhTkLO.rbq0JNe3NmSGuVXALlhIbLMYq','2024-07-03 17:59:38','eyJhbGciOiJIUzI1NiIsInR5cCI6IkpXVCJ9.eyJ1c2VybmFtZSI6ImdhZ3VsaWtrIiwiZW1haWwiOiJnYWd1bGlrQGdtYWlsLmNvbW0iLCJwYXNzd29yZCI6ImdhZ3VsaWsyMDI0ayIsImlhdCI6MTcyMDAyOTU3OCwiZXhwIjoxNzIwNjM0Mzc4fQ.5BvvXplvSifPt9pO06L3eyQx5Nbe_ElQZcMsmm0WmBM','gagulik@gmail.comm'),(8,'gagulikkK','$2b$10$abwbowMFVJRN/.71g/LbyOHFPRUUblX.1Jcv5nQz2eH6ZKmThR35u','2024-07-03 18:04:49','eyJhbGciOiJIUzI1NiIsInR5cCI6IkpXVCJ9.eyJ1c2VybmFtZSI6ImdhZ3VsaWtrSyIsImVtYWlsIjoiZ2FndWxpa0BnbWFpbC5jb21tIiwicGFzc3dvcmQiOiJnYWd1bGlrMjAyNGsiLCJpYXQiOjE3MjAwMjk4ODksImV4cCI6MTcyMDYzNDY4OX0.CAd1PGv0qy1kVjF4s-_f9YXtFXH3tXvmKzBQZdhsSjw','gagulik@gmail.comm'),(9,'gagulikkKk','$2b$10$V/DuA3FRgwMAkOBAntXhe.SKBkroNKVO1b7htRbOy8yCdY43BJrD.','2024-07-03 19:51:16','eyJhbGciOiJIUzI1NiIsInR5cCI6IkpXVCJ9.eyJ1c2VybmFtZSI6ImdhZ3VsaWtrS2siLCJlbWFpbCI6ImdhZ3VsaWtAZ21haWwuY29tbW0iLCJwYXNzd29yZCI6ImdhZ3VsaWsyMDI0ayIsImlhdCI6MTcyMDAzNjI3NiwiZXhwIjoxNzIwNjQxMDc2fQ.DWA3ru5vq1v4wqQJ8tSrl1ihm11aoSSUZYqmpGQEdAg','gagulik@gmail.commm'),(10,'gagoo','$2b$10$MW1yr6/aRnvRbuvWg1EjUu5XnxIKipoFmNRQp7H3k49NoCyFr00d.','2024-07-03 19:55:29','eyJhbGciOiJIUzI1NiIsInR5cCI6IkpXVCJ9.eyJ1c2VybmFtZSI6ImdhZ29vIiwiZW1haWwiOiJnYWdvb0BtYWlsLnJ1IiwicGFzc3dvcmQiOiJnYWdvb28iLCJpYXQiOjE3MjAwMzY1MjksImV4cCI6MTcyMDY0MTMyOX0.J3fHX8bs6zn_7iBLcp9mZND4No9hXwMKo3nwKuHmSvI','gagoo@mail.ru'),(11,'gagooo','$2b$10$iq07HyH90nrxK2znVTk0iOyznV5sUFwfEbVH76gra3ywVMsMSGHk6','2024-07-03 19:56:09','eyJhbGciOiJIUzI1NiIsInR5cCI6IkpXVCJ9.eyJ1c2VybmFtZSI6ImdhZ29vbyIsImVtYWlsIjoiZ2Fnb29AbWFpbC5ydW8iLCJwYXNzd29yZCI6ImdhZ29vbyIsImlhdCI6MTcyMDAzNjU2OSwiZXhwIjoxNzIwNjQxMzY5fQ.zNbfUtjS_XLchuBOt9v0YtdTw7HYBA2-RQ_gKPFdZTw','gagoo@mail.ruo'),(12,'gagoood','$2b$10$iddCrFrxVK58U1YuSb2rwOeu3VKT3wSon/8/qCZX2Oxf6I7ffIT9m','2024-07-03 19:57:12','eyJhbGciOiJIUzI1NiIsInR5cCI6IkpXVCJ9.eyJ1c2VybmFtZSI6ImdhZ29vb2QiLCJlbWFpbCI6ImdhZ29vQG1haWwucnVvZCIsInBhc3N3b3JkIjoiZ2Fnb29vIiwiaWF0IjoxNzIwMDM2NjMyLCJleHAiOjE3MjA2NDE0MzJ9.7PRqLvU3WSAQG4mbcBdqTLRQMRFm4e_d4_tJl9aVXso','gagoo@mail.ruod'),(13,'garnik','$2b$10$rNCU2E8i3JAqXnovaBKI9eSMcVFFdYnQwKtdvNHsVsgi/IBaWzwrW','2024-07-04 22:14:47','eyJhbGciOiJIUzI1NiIsInR5cCI6IkpXVCJ9.eyJ1c2VybmFtZSI6Imdhcm5payIsImVtYWlsIjoiZ2FybmlrQGdtYWlsLmNvbSIsInBhc3N3b3JkIjoiZ2FybmlrIiwiaWF0IjoxNzIwMTMxMjg3LCJleHAiOjE3MjA3MzYwODd9.xpuwjOFgxO-_cC0OlyXcNf85SAou24jUFoPYteZZiPo','garnik@gmail.com'),(14,'petrosyan','$2b$10$cx8qypyllWjU0q6nYLfDWuhRJIzeFEWO9b85NYIIPhLo0yXyGe9j6','2024-07-04 22:34:03','eyJhbGciOiJIUzI1NiIsInR5cCI6IkpXVCJ9.eyJ1c2VybmFtZSI6InBldHJvc3lhbiIsImVtYWlsIjoicGV0cm9zeWFuQGdtYWlsLmNvbSIsInBhc3N3b3JkIjoicGV0cm9zeWFuIiwiaWF0IjoxNzIwMTMyNDQzLCJleHAiOjE3MjA3MzcyNDN9.iQmpA00Al0q6fp2yHRXrjeid26Ddp8HuOzLdoC4EDaI','petrosyan@gmail.com'),(15,'gagas10','$2b$10$SNwEHz1qyiWyKcDblBbScetryVHBvXTaDRelRnbHf8g7.gtYcRndu','2024-07-07 05:00:27','eyJhbGciOiJIUzI1NiIsInR5cCI6IkpXVCJ9.eyJ1c2VybmFtZSI6ImdhZ2FzMTAiLCJlbWFpbCI6ImdhZ2FzMTAiLCJ1c2VySWQiOjE1LCJpYXQiOjE3MjAzMjg0MjcsImV4cCI6MTcyMDkzMzIyN30.yXQNWl3KomEzy9Jg4DexuUeBORfceX8FRmmwVKKWWhI','gagas10'),(16,'petros10','$2b$10$MEuEyY69zowKk9VOhKJZ0up8QRXO8FmC07TUdBBFbxIZIh6jt5AYC','2024-07-07 05:03:36','eyJhbGciOiJIUzI1NiIsInR5cCI6IkpXVCJ9.eyJ1c2VybmFtZSI6InBldHJvczEwIiwiZW1haWwiOiJwZXRyb3MxMCIsInVzZXJJZCI6MTYsImlhdCI6MTcyMDMyODYxNywiZXhwIjoxNzIwOTMzNDE3fQ.dLq0So6-t6HolMzjk3kBx-TqbYmz4dg6lEsY7VFsxa4','petros10'),(17,'garegin','$2b$10$insub23Fu2IxZw5xKXX/ouDcQ.R.KEeHRXwd5.BNtHWwhRp4lZaAK','2024-07-08 18:04:40',NULL,'garegin'),(18,'gagiksurenyan','$2b$10$ag237MgG0AB6tX88Qo.HVezkvJtpU32AfL5CpclFwwFtMzHGRV0uK','2024-07-08 20:58:03',NULL,'gagiksurenyan@'),(19,'gugarq','$2b$10$47xdKR0wya9Uf18ivjs1IOiEpG9/Bj/k9iL/8gOFJxSlM9P8ZQ/96','2024-07-12 20:44:04','eyJhbGciOiJIUzI1NiIsInR5cCI6IkpXVCJ9.eyJ1c2VybmFtZSI6Imd1Z2FycSIsImVtYWlsIjoiZ3VnYXJxIiwidXNlcklkIjoxOSwiaWF0IjoxNzIwODE3MDQ0LCJleHAiOjE3MjE0MjE4NDR9._Os0Xr7W9nXGUIU2pPj062GmJ2F7DYlm6JNkAlDZ9Pw','gugarq'),(20,'tayq','$2b$10$AK1A0XedCVC/mV9kiPUHQewFN.tYfpKAXlkGLfzp9yRudx7rhoEKa','2024-07-12 20:44:29',NULL,'tayq'),(21,'gijgago','$2b$10$/fdm5QO7.sCKMoYAbzJMNudqLizoCVZC1qPMxRq8tbhhzg/iXwBT6','2024-07-12 21:30:15','eyJhbGciOiJIUzI1NiIsInR5cCI6IkpXVCJ9.eyJpZCI6MjEsInVzZXJuYW1lIjoiZ2lqZ2FnbyIsImVtYWlsIjoiZ2lqZ2Fnb0BnbWFpbC5jb20iLCJpYXQiOjE3MjA4MjA0NDUsImV4cCI6MTcyMTQyNTI0NX0.nI7qUPpluxNbkEGKN1yGEoIlfSLslUXjzbQLEg39MIw','gijgago@gmail.com'),(22,'petrosik','$2b$10$Cm3V6MHaCuVkC5TRt7SDoep9Eew3cAa1wwOC8RM26KUvudDlagPMG','2024-07-29 20:11:52','eyJhbGciOiJIUzI1NiIsInR5cCI6IkpXVCJ9.eyJ1c2VybmFtZSI6InBldHJvc2lrIiwiZW1haWwiOiJwZXRyb3Npa0BnbWFpbC5jb20iLCJ1c2VySWQiOjIyLCJpYXQiOjE3MjIyODM5MTIsImV4cCI6MTcyMjg4ODcxMn0.OtlKa3UpwYMxhna5zfibwzAzTltyCEOLaPDQL5SyY1U','petrosik@gmail.com'),(23,'petrosikk','$2b$10$1MKB3bKRUw9Pn5s/2WOhY.xvkubYyWbQ9FntpwOR0wpBneNCTPSx6','2024-07-29 20:13:00','eyJhbGciOiJIUzI1NiIsInR5cCI6IkpXVCJ9.eyJ1c2VybmFtZSI6InBldHJvc2lrayIsImVtYWlsIjoicGV0cm9zaWtrQGdtYWlsLmNvbSIsInVzZXJJZCI6MjMsImlhdCI6MTcyMjI4Mzk4MCwiZXhwIjoxNzIyODg4NzgwfQ.jI0xwLZHNYMu9wggO9X4nJVjlMV0dFS09HOmi3eYi3E','petrosikk@gmail.com'),(24,'petrosikkk','$2b$10$ufNoYPRdzCLMHctB/y.7Ouuhhs59eV0aHtRlOmCm2OTSBXIJfBnZm','2024-07-29 20:14:28','eyJhbGciOiJIUzI1NiIsInR5cCI6IkpXVCJ9.eyJ1c2VybmFtZSI6InBldHJvc2lra2siLCJlbWFpbCI6InBldHJvc2lra2tAZ21haWwuY29tIiwidXNlcklkIjoyNCwiaWF0IjoxNzIyMjg0MDY4LCJleHAiOjE3MjI4ODg4Njh9.ekAkyZRYEaaePrODOV0iTxqgkXYGdrCEC6GRYnOw2Hk','petrosikkk@gmail.com'),(25,'gandzjan','$2b$10$A5OP0wGABPsvXgPHH1360.msECHLS1dOoCh9oNyp9JgZbVhq12ClG','2024-07-29 20:14:52','eyJhbGciOiJIUzI1NiIsInR5cCI6IkpXVCJ9.eyJ1c2VybmFtZSI6ImdhbmR6amFuIiwiZW1haWwiOiJnYW5kemphbkBnbWFpbC5jb20iLCJ1c2VySWQiOjI1LCJpYXQiOjE3MjIyODQwOTIsImV4cCI6MTcyMjg4ODg5Mn0.vsC9HjirwyV_f2hg251Z_cBPMNOzCFYV38-anjpUb2Y','gandzjan@gmail.com'),(26,'gandzjaneee','$2b$10$eZ289Rb5mPJuQA3lJYua2uTGQVXrkwvsbpy1czcxsuPWnRjb1DDX.','2024-07-29 20:15:08','eyJhbGciOiJIUzI1NiIsInR5cCI6IkpXVCJ9.eyJ1c2VybmFtZSI6ImdhbmR6amFuZWVlIiwiZW1haWwiOiJnYW5kemphbmVlZUBnbWFpbC5jb20iLCJ1c2VySWQiOjI2LCJpYXQiOjE3MjIyODQxMDgsImV4cCI6MTcyMjg4ODkwOH0.SmVt8KfPmuhOTugmZEOeTCj2wsR7HuZQchhjk9ULT74','gandzjaneee@gmail.com'),(27,'gandzjaneeeee','$2b$10$233.Y1Bwru3tOWSPp/AycOwcCPUwrhUBRq73XvvINaz77YhSBhxCi','2024-07-29 20:17:22','eyJhbGciOiJIUzI1NiIsInR5cCI6IkpXVCJ9.eyJ1c2VybmFtZSI6ImdhbmR6amFuZWVlZWUiLCJlbWFpbCI6ImdhbmR6amFuZWVlZWVlQGdtYWlsLmNvbSIsInVzZXJJZCI6MjcsImlhdCI6MTcyMjI4NDI0MiwiZXhwIjoxNzIyODg5MDQyfQ.hBnisusf15SYPtlqopOx63IvuKUvjbXwnKDDuU_jaTk','gandzjaneeeeee@gmail.com'),(28,'gandzjaneeeeeeee','$2b$10$GJ9d/MuAK6W/lAJQn//tFOVvTBdQnS2lj.KHHgJSf5nXIrk73JzPi','2024-07-29 20:17:49','eyJhbGciOiJIUzI1NiIsInR5cCI6IkpXVCJ9.eyJ1c2VybmFtZSI6ImdhbmR6amFuZWVlZWVlZWUiLCJlbWFpbCI6ImdhbmR6amFuZWVlZWVlZWVAZ21haWwuY29tIiwidXNlcklkIjoyOCwiaWF0IjoxNzIyMjg0MjY5LCJleHAiOjE3MjI4ODkwNjl9.8fGKY5q3-PX1JyB9sbtLW6wXdXNLFZLDBRFSDeQxB3U','gandzjaneeeeeeee@gmail.com'),(29,'asdsadsad','$2b$10$6lEXjUebQlb35r.s.xTJ6OYp2K4bTLE0WJtEYZ6zbD4of70mX9Wvm','2024-07-29 20:18:31','eyJhbGciOiJIUzI1NiIsInR5cCI6IkpXVCJ9.eyJ1c2VybmFtZSI6ImFzZHNhZHNhZCIsImVtYWlsIjoiYXNkYWRhc0BnbWFpbC5jb20iLCJ1c2VySWQiOjI5LCJpYXQiOjE3MjIyODQzMTEsImV4cCI6MTcyMjg4OTExMX0.SqTQdwC3B6bYTE2J1DzsudBc8zMkw1mRiPDMcWoVcwU','asdadas@gmail.com');
/*!40000 ALTER TABLE `users` ENABLE KEYS */;
UNLOCK TABLES;
/*!40103 SET TIME_ZONE=@OLD_TIME_ZONE */;

/*!40101 SET SQL_MODE=@OLD_SQL_MODE */;
/*!40014 SET FOREIGN_KEY_CHECKS=@OLD_FOREIGN_KEY_CHECKS */;
/*!40014 SET UNIQUE_CHECKS=@OLD_UNIQUE_CHECKS */;
/*!40101 SET CHARACTER_SET_CLIENT=@OLD_CHARACTER_SET_CLIENT */;
/*!40101 SET CHARACTER_SET_RESULTS=@OLD_CHARACTER_SET_RESULTS */;
/*!40101 SET COLLATION_CONNECTION=@OLD_COLLATION_CONNECTION */;
/*!40111 SET SQL_NOTES=@OLD_SQL_NOTES */;

-- Dump completed on 2024-07-30  2:21:54
